{"U238steel": 0.016042944145835843, "Th232steel": 0.02769913785511921, "Co60steel": 0.042214464397821824, "K40steel": 0.03338665500620162, "Cs137steel": 0.01929756226201983, "K40Teflon": 0.0, "U238PMTbase": 0.036044159444950506, "U235PMTbase": 0.011377260129965183, "Th232PMTbase": 0.004840068356919007, "Cs137PMTbase": 0.007333811049822558, "K40PMTbase": 0.014896177382679884, "Co60PMTbase": 0.0055888295375267575, "U238PMTwindow": 0.021018758764544083, "U235PMTwindow": 0.045059271944926614, "Th232PMTwindow": 0.020355393478566193, "Cs137PMTwindow": 0.03318904016173033, "K40PMTwindow": 0.053741942272456246, "Co60PMTwindow": 0.030297309930874348, "U238Flange": 0.002768864524797664, "Th232Flange": 0.0, "Co60Flange": 0.0, "K40Flange": 0.0, "Cs137Flange": 0.0, "U235Flange": 0.0}