{"U238steel": [0.002088613427272552, 0.006265840281817656, 0.006265840281817656, 0.0062658402818176594, 0.0041772268545451074, 0.0041772268545451074, 0.0041772268545451074, 0.010443067136362769, 0.010443067136362769, 0.0041772268545451074, 0.010443067136362769, 0.006265840281817661, 0.008354453709090215, 0.008354453709090215, 0.0020886134272725537, 0.0041772268545451074, 0.006265840281817661, 0.006265840281817661, 0.0041772268545451074, 0.008354453709090215], "Th232steel": [0.0, 0.013057498806917199, 0.0, 0.0, 0.0, 0.019586248210375794, 0.0, 0.0065287494034586, 0.0195862482103758, 0.013057498806917194, 0.0, 0.0130574988069172, 0.0, 0.0, 0.0, 0.0065287494034586, 0.0, 0.0065287494034586, 0.0065287494034586, 0.0130574988069172], "Co60steel": [0.0, 0.013696180813777275, 0.027392361627554547, 0.0, 0.01369618081377727, 0.020544271220665905, 0.01369618081377727, 0.01369618081377727, 0.0, 0.006848090406888635, 0.027392361627554554, 0.006848090406888635, 0.006848090406888635, 0.01369618081377727, 0.01369618081377727, 0.02739236162755454, 0.0, 0.02739236162755454, 0.006848090406888635, 0.020544271220665933], "K40steel": [0.0, 0.0, 0.007465483013520048, 0.0, 0.007465483013520048, 0.0, 0.0, 0.0, 0.014930966027040096, 0.022396449040560144, 0.007465483013520048, 0.007465483013520041, 0.0, 0.007465483013520041, 0.0, 0.029861932054080165, 0.0, 0.014930966027040082, 0.007465483013520041, 0.022396449040560124], "Cs137steel": [0.0, 0.0, 0.0, 0.005570726383340356, 0.005570726383340356, 0.0, 0.0, 0.0, 0.0, 0.0, 0.0, 0.011141452766680712, 0.0055707263833403575, 0.0055707263833403575, 0.011141452766680715, 0.0055707263833403575, 0.011141452766680715, 0.0, 0.005570726383340351, 0.0], "K40Teflon": [0.0, 0.0, 0.0, 0.0, 0.0, 0.0, 0.0, 0.0, 0.0, 0.0, 0.0, 0.0, 0.0, 0.0, 0.0, 0.0, 0.0, 0.0, 0.0, 0.0], "U238PMTbase": [0.0, 0.02173544595684465, 0.0, 0.0, 0.0, 0.02173544595684465, 0.0, 0.010867722978422326, 0.010867722978422326, 0.0, 0.0, 0.0, 0.010867722978422326, 0.0, 0.010867722978422326, 0.02173544595684465, 0.010867722978422326, 0.0, 0.0, 0.0], "U235PMTbase": [0.0, 0.0, 0.0, 0.0, 0.0, 0.0, 0.0, 0.0, 0.0, 0.0, 0.008044937789221721, 0.0, 0.008044937789221721, 0.0, 0.0, 0.0, 0.0, 0.0, 0.0, 0.0], "Th232PMTbase": [0.0, 0.0, 0.0, 0.0019759496324404232, 0.0, 0.0039518992648808465, 0.0, 0.0, 0.0, 0.0019759496324404232, 0.0, 0.001975949632440424, 0.0, 0.0, 0.0, 0.0, 0.0, 0.001975949632440424, 0.0, 0.0], "Cs137PMTbase": [0.0, 0.0, 0.0, 0.0, 0.0, 0.0, 0.0, 0.0, 0.0, 0.0, 0.004234177783800906, 0.0, 0.004234177783800906, 0.0042341777838009065, 0.0, 0.0, 0.0, 0.0, 0.0, 0.0], "K40PMTbase": [0.0, 0.0066617730465134235, 0.0066617730465134235, 0.006661773046513423, 0.0, 0.0, 0.0, 0.0, 0.0, 0.006661773046513424, 0.0, 0.0, 0.0, 0.0, 0.0, 0.006661773046513424, 0.0, 0.0, 0.0, 0.0], "Co60PMTbase": [0.0, 0.0, 0.0019759496324404232, 0.0, 0.0, 0.0019759496324404232, 0.0039518992648808465, 0.001975949632440424, 0.001975949632440424, 0.0, 0.0, 0.0, 0.001975949632440424, 0.0, 0.0, 0.0, 0.001975949632440424, 0.0, 0.0, 0.0], "U238PMTwindow": [0.007833228900031677, 0.007833228900031677, 0.01723310358006969, 0.015666457800063358, 0.01096652046004435, 0.02036639514008228, 0.01253316624005063, 0.015666457800063288, 0.01409981202005696, 0.012533166240050728, 0.020366395140082455, 0.010966520460044399, 0.018799749360076112, 0.012533166240050742, 0.010966520460044399, 0.012533166240050742, 0.014099812020057084, 0.015666457800063427, 0.014099812020056834, 0.017233103580069464], "U235PMTwindow": [0.008515401987421822, 0.01703080397484364, 0.017030803974843647, 0.017030803974843647, 0.0, 0.008515401987421817, 0.0, 0.008515401987421817, 0.0, 0.02554620596226545, 0.017030803974843634, 0.00851540198742183, 0.008515401987421817, 0.0, 0.008515401987421817, 0.02554620596226545, 0.02554620596226545, 0.0, 0.042577009937109084, 0.0], "Th232PMTwindow": [0.0, 0.005645570378401208, 0.005645570378401208, 0.0, 0.005645570378401207, 0.005645570378401209, 0.0, 0.0, 0.005645570378401209, 0.005645570378401205, 0.011291140756802417, 0.011291140756802417, 0.0, 0.005645570378401209, 0.005645570378401202, 0.0, 0.005645570378401202, 0.0, 0.0, 0.0], "Cs137PMTwindow": [0.027098737816325796, 0.013549368908162898, 0.006774684454081449, 0.013549368908162898, 0.0, 0.0, 0.0, 0.013549368908162905, 0.0, 0.0, 0.006774684454081442, 0.006774684454081442, 0.006774684454081442, 0.013549368908162884, 0.006774684454081442, 0.0, 0.020324053362244326, 0.0, 0.020324053362244326, 0.006774684454081442], "K40PMTwindow": [0.01678616259177959, 0.01678616259177959, 0.01678616259177959, 0.008393081295889795, 0.05035848777533877, 0.016786162591779605, 0.016786162591779563, 0.0, 0.016786162591779563, 0.033572325183559126, 0.016786162591779563, 0.016786162591779563, 0.0, 0.016786162591779563, 0.008393081295889782, 0.0, 0.016786162591779563, 0.008393081295889782, 0.04196540647944891, 0.025179243887669345], "Co60PMTwindow": [0.0, 0.006774684454081449, 0.006774684454081449, 0.013549368908162898, 0.006774684454081449, 0.006774684454081449, 0.006774684454081449, 0.006774684454081449, 0.0, 0.0, 0.0, 0.006774684454081449, 0.006774684454081449, 0.013549368908162898, 0.006774684454081442, 0.0, 0.013549368908162884, 0.020324053362244326, 0.013549368908162884, 0.0], "U238Flange": [0.0, 0.0, 0.0, 0.0, 0.0, 0.0, 0.0, 0.0, 0.0, 0.0, 0.0, 0.0, 0.0, 0.0, 0.002768864524797664, 0.0, 0.0, 0.0, 0.0, 0.0], "Th232Flange": [0.0, 0.0, 0.0, 0.0, 0.0, 0.0, 0.0, 0.0, 0.0, 0.0, 0.0, 0.0, 0.0, 0.0, 0.0, 0.0, 0.0, 0.0, 0.0, 0.0], "Co60Flange": [0.0, 0.0, 0.0, 0.0, 0.0, 0.0, 0.0, 0.0, 0.0, 0.0, 0.0, 0.0, 0.0, 0.0, 0.0, 0.0, 0.0, 0.0, 0.0, 0.0], "K40Flange": [0.0, 0.0, 0.0, 0.0, 0.0, 0.0, 0.0, 0.0, 0.0, 0.0, 0.0, 0.0, 0.0, 0.0, 0.0, 0.0, 0.0, 0.0, 0.0, 0.0], "Cs137Flange": [0.0, 0.0, 0.0, 0.0, 0.0, 0.0, 0.0, 0.0, 0.0, 0.0, 0.0, 0.0, 0.0, 0.0, 0.0, 0.0, 0.0, 0.0, 0.0, 0.0], "U235Flange": [0.0, 0.0, 0.0, 0.0, 0.0, 0.0, 0.0, 0.0, 0.0, 0.0, 0.0, 0.0, 0.0, 0.0, 0.0, 0.0, 0.0, 0.0, 0.0, 0.0]}