{"U238steel": 0.12322819220908057, "Th232steel": 0.11751748926225478, "Co60steel": 0.26022743546176824, "K40steel": 0.14930966027040096, "Cs137steel": 0.06684871660008428, "K40Teflon": 0.0, "U238PMTbase": 0.11954495276264558, "U235PMTbase": 0.016089875578443442, "Th232PMTbase": 0.011855697794642538, "Cs137PMTbase": 0.012702533351402718, "K40PMTbase": 0.033308865232567125, "Co60PMTbase": 0.015807597059523386, "U238PMTwindow": 0.28199624040114035, "U235PMTwindow": 0.238431255647811, "Th232PMTwindow": 0.0733924149192157, "Cs137PMTwindow": 0.16259242689795478, "K40PMTwindow": 0.3441163331314816, "Co60PMTwindow": 0.13549368908162898, "U238Flange": 0.002768864524797664, "Th232Flange": 0.0, "Co60Flange": 0.0, "K40Flange": 0.0, "Cs137Flange": 0.0, "U235Flange": 0.0}