{"U238steel": [0.005360774463332893, 0.0048038108827268226, 0.0056044460298478975, 0.010234205793635785, 0.01597789271863439, 0.01712663010363369, 0.007449387890604897, 0.00602216871530209, 0.005674066477423356, 0.004072796183181182, 0.007936731023635124, 0.002958869021969235, 0.002889248574393488, 0.0027500076792419947, 0.0023322849937875145, 0.0018101316369694143, 0.001496839622878554, 0.0016012702942421742, 0.001496839622878554, 0.0004177226854544802, 0.00045253290924235356, 0.00038291246166660686, 0.00024367156651511346, 0.00017405111893936676, 6.96204475757467e-05, 0.00010443067136362005, 0.0, 3.481022378787335e-05, 0.00010443067136362005, 0.0, 0.0, 0.0, 3.481022378787335e-05, 0.0, 0.0, 0.0, 0.0, 0.0, 0.0, 0.0, 0.0, 0.0, 0.0, 0.0, 0.0, 0.0, 0.0, 0.0, 0.0, 0.0], "Th232steel": [0.005331812012824523, 0.006311124423343327, 0.006202311933285682, 0.014254436197551283, 0.014254436197550853, 0.012513436356628611, 0.008596186714553887, 0.006419936913401175, 0.008160936754323528, 0.007943311774208234, 0.0035908121719023522, 0.005114187032709411, 0.0036996246619599993, 0.0038084371520176463, 0.0042436871122482345, 0.003917249642075293, 0.0019586248210376467, 0.0010881249005764704, 0.0003264374701729411, 0.00043524996023058815, 0.0003264374701729411, 0.00021762498011529408, 0.00021762498011529408, 0.0, 0.0, 0.0, 0.00021762498011529408, 0.0, 0.0, 0.0, 0.0, 0.0, 0.00010881249005764704, 0.0, 0.0, 0.0, 0.0, 0.0, 0.0, 0.0, 0.0, 0.0, 0.0, 0.0, 0.0, 0.0, 0.0, 0.0, 0.0, 0.0], "Co60steel": [0.010500405290562582, 0.010043865930103306, 0.00981559624987361, 0.015636473095729343, 0.016321282136418244, 0.016891956336992302, 0.011755888531825728, 0.011641753691710915, 0.00867424784872578, 0.006848090406888774, 0.007647034287692367, 0.009929731089987515, 0.006049146526084348, 0.004907798124936358, 0.005592607165625152, 0.004451258764477162, 0.0029675058429847745, 0.0023968316424107794, 0.0027392361627551765, 0.005478472325510353, 0.00034240452034439706, 0.0012554832412627892, 0.0020544271220663823, 0.0, 0.0, 0.0, 0.0, 0.0, 0.0, 0.0, 0.0, 0.0, 0.0, 0.0, 0.0, 0.0, 0.0, 0.0, 0.0, 0.0, 0.0, 0.0, 0.0, 0.0, 0.0, 0.0, 0.0, 0.0, 0.0, 0.0], "K40steel": [0.008336456031764064, 0.008336456031764037, 0.009207429050008153, 0.012691321122984208, 0.01555308961150026, 0.01567751432839226, 0.014059993008796234, 0.010327251502036172, 0.008336456031764139, 0.00721663357973612, 0.00783875716419613, 0.007963181881088119, 0.004852563958788081, 0.005599112260140093, 0.004479289808112075, 0.004976988675680083, 0.003981590940544066, 0.005723536977032095, 0.0041060156574360684, 0.0018663707533800311, 0.0009953977351360166, 0.00012442471689200207, 0.0007465483013520124, 0.0011198224520280187, 0.0023640696209480394, 0.0, 0.0, 0.0, 0.0, 0.0, 0.0, 0.0, 0.0, 0.0, 0.0, 0.0, 0.0, 0.0, 0.0, 0.0, 0.0, 0.0, 0.0, 0.0, 0.0, 0.0, 0.0, 0.0, 0.0, 0.0], "Cs137steel": [0.0031567449505595334, 0.0027853631916701822, 0.002506826872503167, 0.0029710540711148647, 0.005385035503895692, 0.004270890227227618, 0.004270890227227618, 0.0024139814327808276, 0.0020425996738914695, 0.0012998361561127533, 0.00714909885861988, 0.008820316773621925, 0.0, 0.0, 0.0, 0.0, 0.0, 0.0, 0.0, 0.0, 0.0, 0.0, 0.0, 0.0, 0.0, 0.0, 0.0, 0.0, 0.0, 0.0, 0.0, 0.0, 0.0, 0.0, 0.0, 0.0, 0.0, 0.0, 0.0, 0.0, 0.0, 0.0, 0.0, 0.0, 0.0, 0.0, 0.0, 0.0, 0.0, 0.0], "K40Teflon": [4.497306290289202e-09, 1.499102096763067e-09, 1.499102096763068e-09, 5.996408387052268e-09, 6.745959435433815e-09, 2.2486531451446056e-09, 3.747755241907676e-09, 1.4991020967630704e-09, 2.2486531451446023e-09, 2.2486531451445957e-09, 2.2486531451445957e-09, 3.7477552419076594e-09, 1.4991020967630638e-09, 2.2486531451445957e-09, 0.0, 2.9982041935261275e-09, 2.9982041935261275e-09, 3.7477552419076594e-09, 2.2486531451445957e-09, 0.0, 7.495510483815319e-10, 0.0, 0.0, 2.2486531451445957e-09, 7.495510483815319e-10, 0.0, 0.0, 0.0, 0.0, 0.0, 0.0, 0.0, 0.0, 0.0, 0.0, 0.0, 0.0, 0.0, 0.0, 0.0, 0.0, 0.0, 0.0, 0.0, 0.0, 0.0, 0.0, 0.0, 0.0, 0.0], "U238PMTbase": [0.00633950507074636, 0.006158376354439321, 0.005614990205518183, 0.011592237843650377, 0.022097703389458535, 0.030248495623275945, 0.006339505070746543, 0.0036225743261408816, 0.0030791881772197494, 0.004347089191369058, 0.011592237843650821, 0.001992415879377485, 0.0030791881772197494, 0.001992415879377485, 0.0012679010141493086, 0.002354673311991573, 0.0014490297304563526, 0.0010867722978422645, 0.002535802028298617, 0.00036225743261408816, 0.0005433861489211322, 0.00036225743261408816, 0.0005433861489211322, 0.00036225743261408816, 0.00018112871630704408, 0.0, 0.0, 0.00018112871630704408, 0.00036225743261408816, 0.0, 0.0, 0.0, 0.0, 0.0, 0.0, 0.0, 0.0, 0.0, 0.0, 0.0, 0.0, 0.0, 0.0, 0.0, 0.0, 0.0, 0.0, 0.0, 0.0, 0.0], "U235PMTbase": [0.0008044937789221722, 0.0009385760754092009, 0.004022468894610855, 0.017162533950339714, 0.01649212246790469, 0.012067406683832702, 0.0041565511910979305, 0.0006704114824351501, 0.00026816459297406003, 0.0, 0.0, 0.00013408229648703002, 0.00013408229648703002, 0.0010726583718962401, 0.0, 0.0, 0.0, 0.0, 0.0, 0.0, 0.0, 0.0, 0.0, 0.0, 0.0, 0.0, 0.0, 0.0, 0.0, 0.0, 0.0, 0.0, 0.0, 0.0, 0.0, 0.0, 0.0, 0.0, 0.0, 0.0, 0.0, 0.0, 0.0, 0.0, 0.0, 0.0, 0.0, 0.0, 0.0, 0.0], "Th232PMTbase": [0.0007245148652281554, 0.00046105491423609885, 0.0006915823713541484, 0.0026016670160465575, 0.0012843672610862757, 0.0010209073100942191, 0.0005927848897321272, 0.00026345995099205655, 0.0007903798529761688, 0.000955042322346205, 0.00016466246937003534, 0.0001975949632440424, 0.00013172997549602827, 0.0003293249387400707, 0.00013172997549602827, 0.0005598523958581202, 0.000493987408110106, 3.293249387400707e-05, 3.293249387400707e-05, 0.0, 0.0, 3.293249387400707e-05, 0.0, 0.0, 3.293249387400707e-05, 3.293249387400707e-05, 0.0, 0.0, 3.293249387400707e-05, 0.0, 0.0, 0.0, 0.0, 0.0, 0.0, 0.0, 0.0, 0.0, 0.0, 0.0, 0.0, 0.0, 0.0, 0.0, 0.0, 0.0, 0.0, 0.0, 0.0, 0.0], "Cs137PMTbase": [0.0008468355567601812, 0.00042341777838009024, 0.0011996837054102556, 0.0010585444459502253, 0.0007056962973001507, 0.0009174051864901953, 0.0010585444459502253, 0.0003528481486500751, 0.00021170888919004507, 0.00021170888919004507, 0.0026110763000105784, 0.00395189926488089, 0.0, 0.0, 0.0, 0.0, 0.0, 0.0, 0.0, 0.0, 0.0, 0.0, 0.0, 0.0, 0.0, 0.0, 0.0, 0.0, 0.0, 0.0, 0.0, 0.0, 0.0, 0.0, 0.0, 0.0, 0.0, 0.0, 0.0, 0.0, 0.0, 0.0, 0.0, 0.0, 0.0, 0.0, 0.0, 0.0, 0.0, 0.0], "K40PMTbase": [0.0019985319139540275, 0.0011102955077522394, 0.0015544137108531326, 0.0016654432616283526, 0.001887502363178803, 0.002109561464729263, 0.00177647281240359, 0.0016654432616283656, 0.0015544137108531413, 0.0008882364062017846, 0.001221325058527449, 0.001221325058527449, 0.0009992659569770038, 0.001554413710853117, 0.0006661773046513358, 0.00022205910155044528, 0.0009992659569770038, 0.0013323546093026717, 0.0006661773046513358, 0.0003330886523256679, 0.0, 0.0, 0.0, 0.0005551477538761132, 0.0005551477538761132, 0.0, 0.0, 0.0, 0.0, 0.0, 0.0, 0.0, 0.0, 0.0, 0.0, 0.0, 0.0, 0.0, 0.0, 0.0, 0.0, 0.0, 0.0, 0.0, 0.0, 0.0, 0.0, 0.0, 0.0, 0.0], "Co60PMTbase": [0.0006257173836061342, 0.0008562448407241837, 0.0006586498774801411, 0.0009221098284721979, 0.0008891773345981904, 0.0012514347672122686, 0.0009221098284721979, 0.0006915823713541484, 0.0005269199019841131, 0.0004939874081101052, 0.0005269199019841131, 0.0005598523958581202, 0.0005269199019841131, 0.00046105491423609896, 0.0004281224203620919, 0.0004281224203620919, 0.0002963924448660636, 0.00016466246937003534, 0.00016466246937003534, 0.000493987408110106, 0.0, 0.0, 0.00013172997549602827, 0.0, 0.0, 0.0, 0.0, 0.0, 0.0, 0.0, 0.0, 0.0, 0.0, 0.0, 0.0, 0.0, 0.0, 0.0, 0.0, 0.0, 0.0, 0.0, 0.0, 0.0, 0.0, 0.0, 0.0, 0.0, 0.0, 0.0],