{"U238steel": 6.577043682481267, "Th232steel": 7.155509346190624, "Co60steel": 10.436489780098285, "K40steel": 9.988816272089824, "Cs137steel": 2.8243582763535606, "K40Teflon": 3.4629258435226864e-06, "U238PMTbase": 7.781289652550385, "U235PMTbase": 3.475413124943784, "Th232PMTbase": 0.695534270619029, "Cs137PMTbase": 0.812962134489774, "K40PMTbase": 1.5921637581167083, "Co60PMTbase": 0.7212216158407544, "U238PMTwindow": 16.606445268067155, "U235PMTwindow": 41.46149227675685, "Th232PMTwindow": 5.685089371050017, "Cs137PMTwindow": 6.849205983076346, "K40PMTwindow": 20.50429760585877, "Co60PMTwindow": 7.065995885606952, "U238Flange": 0.02215091619838131, "Th232Flange": 0.06085382916930998, "Co60Flange": 0.017592233168603942, "K40Flange": 0.06399442522975728, "Cs137Flange": 0.0033348755050049204, "U235Flange": 0.0}