{"U238steel": 0.1172045295497938, "Th232steel": 0.21614006425321627, "Co60steel": 0.2673387842133692, "K40steel": 0.27307753148961056, "Cs137steel": 0.12543415470312888, "K40Teflon": 3.9463702536482334e-07, "U238PMTbase": 0.2908004476591838, "U235PMTbase": 0.16721089193595431, "Th232PMTbase": 0.0370721011864635, "Cs137PMTbase": 0.05867048839858047, "K40PMTbase": 0.10298851202662075, "Co60PMTbase": 0.03775046472202199, "U238PMTwindow": 0.16129605512883316, "U235PMTwindow": 0.594189594098525, "Th232PMTwindow": 0.1791523713260964, "Cs137PMTwindow": 0.21540939927577202, "K40PMTwindow": 0.41484242396492094, "Co60PMTwindow": 0.21879189308295888, "U238Flange": 0.007831531526685183, "Th232Flange": 0.02028460972310333, "Co60Flange": 0.005563152594154943, "K40Flange": 0.019295045196505274, "Cs137Flange": 0.0023581130840018916, "U235Flange": 0.0}