{"U238steel": 7.105118634431851, "Th232steel": 7.394012157673896, "Co60steel": 11.496990561745118, "K40steel": 11.16552425708027, "Cs137steel": 3.0812598077381868, "K40Teflon": 4.196759159393836e-06, "U238PMTbase": 8.22379563609562, "U235PMTbase": 3.030222758696464, "Th232PMTbase": 0.6973295932767587, "Cs137PMTbase": 0.8477152335850705, "K40PMTbase": 1.6897790322795734, "Co60PMTbase": 0.7727618810110234, "U238PMTwindow": 16.692806074222627, "U235PMTwindow": 37.17438837839962, "Th232PMTwindow": 5.680171000180191, "Cs137PMTwindow": 7.201269069031142, "K40PMTwindow": 22.186447794003417, "Co60PMTwindow": 7.592080159768665, "U238Flange": 0.02114039569660266, "Th232Flange": 0.06883281692742818, "Co60Flange": 0.014924159024612069, "K40Flange": 0.06415960852328662, "Cs137Flange": 0.002829101449882983, "U235Flange": 0.0}