{"U238steel": 0.11220162516920669, "Th232steel": 0.20236692263473102, "Co60steel": 0.25844091961648885, "K40steel": 0.26592120082015136, "Cs137steel": 0.12067144717694095, "K40Teflon": 4.001452854555803e-07, "U238PMTbase": 0.27535304420138546, "U235PMTbase": 0.14380800801639718, "Th232PMTbase": 0.034189396187729926, "Cs137PMTbase": 0.05518156154114752, "K40PMTbase": 0.09772244460907407, "Co60PMTbase": 0.035991108950991155, "U238PMTwindow": 0.14894794933397534, "U235PMTwindow": 0.5182137605414158, "Th232PMTwindow": 0.16493737017530025, "Cs137PMTwindow": 0.20343866757367868, "K40PMTwindow": 0.3974559928797243, "Co60PMTwindow": 0.20888602043324922, "U238Flange": 0.00704679856553422, "Th232Flange": 0.019870322691065444, "Co60Flange": 0.004719433468033106, "K40Flange": 0.017794673718800478, "Cs137Flange": 0.0020004768198769508, "U235Flange": 0.0}