{"U238steel": [0.0058471051106296955, 0.005817574276737695, 0.006792091795176055, 0.011546556051799297, 0.016301020308420767, 0.017423191996319143, 0.008623003496483372, 0.0062310059512259985, 0.005906166778413269, 0.00428197091434962, 0.008593472662591306, 0.0033074533959114305, 0.0032188608942352315, 0.0030712067247748998, 0.002332935877473241, 0.0019490350368763787, 0.0016832575318477816, 0.0015946650301715826, 0.001624195864063649, 0.00044296250838099516, 0.0004724933422730615, 0.00038390084059686247, 0.00038390084059686247, 0.00011812333556826538, 8.859250167619903e-05, 0.00014765416946033172, 2.9530833892066344e-05, 2.9530833892066344e-05, 0.00011812333556826538, 2.9530833892066344e-05, 0.0, 0.0, 2.9530833892066344e-05, 0.0, 0.0, 0.0, 0.0, 0.0, 0.0, 0.0, 0.0, 0.0, 0.0, 0.0, 0.0, 0.0, 0.0, 0.0, 0.0, 0.0], "Th232steel": [0.005446276121133077, 0.0067386128278426, 0.0073847811811974425, 0.014492633068100003, 0.015046491656689358, 0.012923367067095154, 0.008769427652672336, 0.007846330005022648, 0.008030949534552592, 0.00830787882884751, 0.0037847003553638653, 0.0047077980030135885, 0.0033231515315390037, 0.003692390590598893, 0.0038770101201288376, 0.00396931988489381, 0.0018461952952994465, 0.0009230976476497232, 0.0004615488238248616, 0.0004615488238248616, 0.0003692390590598893, 0.00027692929429491697, 0.00027692929429491697, 0.0, 0.0, 0.0, 0.00018461952952994465, 0.0, 0.0, 0.0, 0.0, 0.0, 9.230976476497232e-05, 0.0, 0.0, 0.0, 0.0, 0.0, 0.0, 0.0, 0.0, 0.0, 0.0, 0.0, 0.0, 0.0, 0.0, 0.0, 0.0, 0.0], "Co60steel": [0.011715814872588472, 0.011812639788890786, 0.011812639788890786, 0.01752530985073141, 0.017718959683336755, 0.018977683595268524, 0.013071363700822708, 0.012006289621496413, 0.00900471721612231, 0.007842818220493625, 0.007455518555284063, 0.010457090960658166, 0.006390444475957768, 0.0055190202292362545, 0.006584094308562549, 0.00445394614990996, 0.003872996652095617, 0.003195222237978884, 0.002517447823862151, 0.005422195312933864, 0.00048412458151195215, 0.0015491986608382469, 0.00222697307495498, 0.0, 0.0, 0.0, 0.0, 0.0, 0.0, 0.0, 0.0, 0.0, 0.0, 0.0, 0.0, 0.0, 0.0, 0.0, 0.0, 0.0, 0.0, 0.0, 0.0, 0.0, 0.0, 0.0, 0.0, 0.0, 0.0, 0.0], "K40steel": [0.010133204090373453, 0.0094998788347251, 0.011399854601670117, 0.01361649299643931, 0.017733107158153516, 0.017099781902506286, 0.015727577181934807, 0.010766529346022485, 0.010133204090374104, 0.00812767411415423, 0.007705457277054406, 0.00812767411415316, 0.005911035719384117, 0.005911035719384117, 0.005172156254461102, 0.006016589928658833, 0.004222168370988655, 0.006544360975032415, 0.004011059952439222, 0.0026388552318679093, 0.0010555420927471637, 0.00021110841854943274, 0.0006333252556482982, 0.001688867348395462, 0.002005529976219611, 0.0, 0.0, 0.0, 0.0, 0.0, 0.0, 0.0, 0.0, 0.0, 0.0, 0.0, 0.0, 0.0, 0.0, 0.0, 0.0, 0.0, 0.0, 0.0, 0.0, 0.0, 0.0, 0.0, 0.0, 0.0], "Cs137steel": [0.0029142794705090186, 0.0029142794705090133, 0.002914279470509023, 0.0036231582606328673, 0.006064851871059304, 0.005434737390949181, 0.0050409158408804, 0.0028355151604952493, 0.002284164990399032, 0.0016540505102889541, 0.007010023591224615, 0.00866407410151357, 0.0, 0.0, 0.0, 0.0, 0.0, 0.0, 0.0, 0.0, 0.0, 0.0, 0.0, 0.0, 0.0, 0.0, 0.0, 0.0, 0.0, 0.0, 0.0, 0.0, 0.0, 0.0, 0.0, 0.0, 0.0, 0.0, 0.0, 0.0, 0.0, 0.0, 0.0, 0.0, 0.0, 0.0, 0.0, 0.0, 0.0, 0.0], "K40Teflon": [5.086980799265256e-09, 2.5434903996326276e-09, 4.4511081993571e-09, 6.9945985989897165e-09, 6.3587259990815545e-09, 3.815235599448933e-09, 3.815235599448949e-09, 1.9076177997244763e-09, 2.543490399632635e-09, 4.451108199357111e-09, 1.9076177997244763e-09, 3.8152355994489525e-09, 1.9076177997244763e-09, 3.1793629995407938e-09, 0.0, 3.1793629995407938e-09, 3.1793629995407938e-09, 4.4511081993570716e-09, 2.5434903996326086e-09, 6.358725999081521e-10, 6.358725999081521e-10, 0.0, 0.0, 1.9076177997244564e-09, 6.358725999081521e-10, 0.0, 0.0, 0.0, 0.0, 0.0, 0.0, 0.0, 0.0, 0.0, 0.0, 0.0, 0.0, 0.0, 0.0, 0.0, 0.0, 0.0, 0.0, 0.0, 0.0, 0.0, 0.0, 0.0, 0.0, 0.0], "U238PMTbase": [0.007529259831253455, 0.006914626375640963, 0.0069146263756409004, 0.010909743837122291, 0.02289509622156649, 0.02827313895817607, 0.0069146263756408866, 0.004148775825384532, 0.003995117461481401, 0.0044560925531907936, 0.01321461929566925, 0.0019975587307407006, 0.0036878007336751395, 0.0018439003668375697, 0.0015365836390313081, 0.002458533822450093, 0.001690242002934439, 0.001690242002934439, 0.002612192186353224, 0.0007682918195156541, 0.00046097509170939244, 0.0003073167278062616, 0.00046097509170939244, 0.00046097509170939244, 0.00046097509170939244, 0.0, 0.0, 0.0001536583639031308, 0.0003073167278062616, 0.0, 0.0, 0.0, 0.0, 0.0, 0.0, 0.0, 0.0, 0.0, 0.0, 0.0, 0.0, 0.0, 0.0, 0.0, 0.0, 0.0, 0.0, 0.0, 0.0, 0.0], "U235PMTbase": [0.0013649652066200285, 0.0006824826033100138, 0.0023886891115850505, 0.012625928161235232, 0.01501461727282025, 0.01239843396013187, 0.003981148519308399, 0.0005687355027583427, 0.00022749420110333707, 0.0, 0.00011374710055166853, 0.00011374710055166853, 0.00022749420110333707, 0.0007962297038616797, 0.0, 0.0, 0.0, 0.0, 0.0, 0.0, 0.0, 0.0, 0.0, 0.0, 0.0, 0.0, 0.0, 0.0, 0.0, 0.0, 0.0, 0.0, 0.0, 0.0, 0.0, 0.0, 0.0, 0.0, 0.0, 0.0, 0.0, 0.0, 0.0, 0.0, 0.0, 0.0, 0.0, 0.0, 0.0, 0.0], "Th232PMTbase": [0.0007543228773426473, 0.0005308198025744549, 0.0008381365303807183, 0.0022629686320279393, 0.0013130805642631253, 0.0008940122990727661, 0.0006705092243045746, 0.00036319249649831124, 0.0007822607616886712, 0.0008940122990727661, 0.00022350307476819153, 0.00022350307476819153, 0.0001955651904221676, 0.0003352546121522873, 0.00016762730607614365, 0.0005308198025744549, 0.0004190682651903591, 2.7937884346023942e-05, 5.5875768692047884e-05, 2.7937884346023942e-05, 0.0, 2.7937884346023942e-05, 0.0, 0.0, 2.7937884346023942e-05, 2.7937884346023942e-05, 0.0, 0.0, 2.7937884346023942e-05, 0.0, 0.0, 0.0, 0.0, 0.0, 0.0, 0.0, 0.0, 0.0, 0.0, 0.0, 0.0, 0.0, 0.0, 0.0, 0.0, 0.0, 0.0, 0.0, 0.0, 0.0], "Cs137PMTbase": [0.0008980034254079138, 0.0003592013701631657, 0.0011973379005438857, 0.0014368054806526628, 0.0008381365303807196, 0.0011374710055166914, 0.0011374710055166914, 0.0002993344751359714, 0.00011973379005438857, 0.00017960068508158285, 0.002514409591142127, 0.004011081966821959, 0.0, 0.0, 0.0, 0.0, 0.0, 0.0, 0.0, 0.0, 0.0, 0.0, 0.0, 0.0, 0.0, 0.0, 0.0, 0.0, 0.0, 0.0, 0.0, 0.0, 0.0, 0.0, 0.0, 0.0, 0.0, 0.0, 0.0, 0.0, 0.0, 0.0, 0.0, 0.0, 0.0, 0.0, 0.0, 0.0, 0.0, 0.0], "K40PMTbase": [0.001978002211698497, 0.0011302869781134265, 0.0017896210486795967, 0.0016954304671701476, 0.0019780022116985055, 0.0022605739562268634, 0.0022605739562268634, 0.0018838116301890528, 0.0011302869781134317, 0.0008477152335850738, 0.0009419058150945264, 0.001318668141132337, 0.0011302869781134317, 0.0015070493041512423, 0.0009419058150945264, 0.0007535246520756211, 0.0009419058150945264, 0.001601239885660695, 0.0008477152335850738, 0.0002825717445283579, 9.419058150945264e-05, 0.0, 0.0, 0.0004709529075472632, 0.00037676232603781057, 0.0, 0.0, 0.0, 0.0, 0.0, 0.0, 0.0, 0.0, 0.0, 0.0, 0.0, 0.0, 0.0, 0.0, 0.0, 0.0, 0.0, 0.0, 0.0, 0.0, 0.0, 0.0, 0.0, 0.0, 0.0], "Co60PMTbase": [0.0006425713399585515, 0.0008940122990727661, 0.0009219501834187901, 0.0011733911425330056, 0.001005763836456862, 0.0012013290268790295, 0.0008940122990727661, 0.0007263849929966225, 0.0005587576869204797, 0.00044700614953638307, 0.0005308198025744549, 0.0006146334556125267, 0.000502881918228431, 0.000502881918228431, 0.000502881918228431, 0.00044700614953638307, 0.0002514409591142155, 0.00022350307476819153, 0.0001955651904221676, 0.00044700614953638307, 0.0, 2.7937884346023942e-05, 0.00016762730607614365, 0.0, 0.0, 0.0, 0.0, 0.0, 0.0, 0.0, 0.0, 0.0, 0.0, 0.0, 0.0, 0.0, 0.0, 0.0, 0.0, 0.0, 0.0, 0.0, 0.0, 0.0, 0.0, 0.0, 0.0, 0.0, 0.0, 0.0],