{"U238steel": 0.12074796376419446, "Th232steel": 0.09181053848613657, "Co60steel": 0.2461032489975605, "K40steel": 0.11664817208625078, "Cs137steel": 0.034817039895877235, "K40Teflon": 0.0, "U238PMTbase": 0.05094245146135466, "U235PMTbase": 0.012570215295658943, "Th232PMTbase": 0.006174842601376324, "Cs137PMTbase": 0.013231805574377834, "K40PMTbase": 0.020818040770354453, "Co60PMTbase": 0.01852452780412897, "U238PMTwindow": 0.24478840312598996, "U235PMTwindow": 0.1862744184748524, "Th232PMTwindow": 0.03528481486500756, "Cs137PMTwindow": 0.11643988905452494, "K40PMTwindow": 0.2885121695462118, "Co60PMTwindow": 0.13761077797352947, "U238Flange": 0.0, "Th232Flange": 0.0, "Co60Flange": 0.0, "K40Flange": 0.0, "Cs137Flange": 0.0, "U235Flange": 0.0}