{"U238steel": 0.019850842962017543, "Th232steel": 0.030603512828712192, "Co60steel": 0.05131607476226869, "K40steel": 0.03688739086878277, "Cs137steel": 0.017408519947938617, "K40Teflon": 0.0, "U238PMTbase": 0.029411638064392558, "U235PMTbase": 0.012570215295658943, "Th232PMTbase": 0.004366273076192781, "Cs137PMTbase": 0.009356299448984529, "K40PMTbase": 0.014720577799735655, "Co60PMTbase": 0.00756260680768595, "U238PMTwindow": 0.024478840312598997, "U235PMTwindow": 0.0497839324181037, "Th232PMTwindow": 0.01764240743250378, "Cs137PMTwindow": 0.035107947511315435, "K40PMTwindow": 0.06151100122456369, "Co60PMTwindow": 0.03816636277231162, "U238Flange": 0.0, "Th232Flange": 0.0, "Co60Flange": 0.0, "K40Flange": 0.0, "Cs137Flange": 0.0, "U235Flange": 0.0}