{"U238steel": 0.016044784460582898, "Th232steel": 0.02656212478616477, "Co60steel": 0.03940191197707536, "K40steel": 0.031026474351122962, "Cs137steel": 0.018303171657528018, "K40Teflon": 3.815235599448943e-08, "U238PMTbase": 0.034496217140265115, "U235PMTbase": 0.015260774944622154, "Th232PMTbase": 0.004106013668438909, "Cs137PMTbase": 0.00803198681295903, "K40PMTbase": 0.013843131796451172, "Co60PMTbase": 0.005028819182284318, "U238PMTwindow": 0.02067508918682531, "U235PMTwindow": 0.04899513581483935, "Th232PMTwindow": 0.020319497972309884, "Cs137PMTwindow": 0.030411439873452566, "K40PMTwindow": 0.050347200531390045, "Co60PMTwindow": 0.0281555222978668, "U238Flange": 0.002348932855178074, "Th232Flange": 0.0, "Co60Flange": 0.0, "K40Flange": 0.0, "Cs137Flange": 0.0, "U235Flange": 0.0}