{"U238steel": 0.14529170274898054, "Th232steel": 0.12738747537565517, "Co60steel": 0.2672367689945809, "K40steel": 0.1519980613556021, "Cs137steel": 0.07088787901238161, "K40Teflon": 3.815235599448943e-08, "U238PMTbase": 0.12907302567863083, "U235PMTbase": 0.03412413016550073, "Th232PMTbase": 0.010057638364568636, "Cs137PMTbase": 0.017960068508158275, "K40PMTbase": 0.03390860934340282, "Co60PMTbase": 0.015086457546852956, "U238PMTwindow": 0.32162890684409845, "U235PMTwindow": 0.33230117866427955, "Th232PMTwindow": 0.08620832883915973, "Cs137PMTwindow": 0.16092221383309815, "K40PMTwindow": 0.3560084690950485, "Co60PMTwindow": 0.13793332614265558, "U238Flange": 0.002348932855178074, "Th232Flange": 0.0, "Co60Flange": 0.0, "K40Flange": 0.0, "Cs137Flange": 0.0, "U235Flange": 0.0}