{"U238steel": [0.0017718500335241528, 0.007087400134096611, 0.0070874001340966095, 0.010631100201144925, 0.010631100201144925, 0.003543700067048308, 0.003543700067048308, 0.010631100201144925, 0.010631100201144918, 0.007087400134096589, 0.010631100201144883, 0.008859250167620736, 0.014174800268193177, 0.010631100201144883, 0.0017718500335241472, 0.0053155501005724415, 0.005315550100572455, 0.0053155501005724415, 0.0035437000670482943, 0.007087400134096589], "Th232steel": [0.0, 0.011077171771796101, 0.0, 0.00553858588589805, 0.0, 0.0221543435435922, 0.0, 0.005538585885898048, 0.016615757657694144, 0.016615757657694144, 0.0, 0.011077171771796096, 0.0, 0.0, 0.0, 0.011077171771796096, 0.005538585885898048, 0.005538585885898048, 0.005538585885898048, 0.011077171771796096], "Co60steel": [0.0, 0.011618989956286125, 0.023237979912572253, 0.0, 0.01161898995628613, 0.017428484934429195, 0.017428484934429195, 0.01161898995628613, 0.0, 0.005809494978143065, 0.02323797991257226, 0.005809494978143051, 0.01161898995628613, 0.017428484934429195, 0.02323797991257226, 0.029047474890715325, 0.0, 0.029047474890715325, 0.005809494978143065, 0.023237979912572176], "K40steel": [0.0, 0.0, 0.006333252556483421, 0.006333252556483421, 0.006333252556483423, 0.0, 0.006333252556483419, 0.0, 0.025333010225933678, 0.018999757669450272, 0.006333252556483426, 0.006333252556483426, 0.0, 0.006333252556483426, 0.0, 0.025333010225933705, 0.0, 0.012666505112966853, 0.006333252556483426, 0.01899975766945028], "Cs137steel": [0.0, 0.0, 0.0, 0.004725858600825441, 0.004725858600825441, 0.0, 0.004725858600825441, 0.0, 0.0, 0.0, 0.004725858600825441, 0.009451717201650882, 0.0047258586008254375, 0.004725858600825444, 0.009451717201650889, 0.009451717201650889, 0.009451717201650889, 0.0, 0.004725858600825444, 0.0], "K40Teflon": [0.0, 0.0, 0.0, 0.0, 0.0, 0.0, 0.0, 0.0, 0.0, 0.0, 0.0, 0.0, 0.0, 3.815235599448943e-08, 0.0, 0.0, 0.0, 0.0, 0.0, 0.0], "U238PMTbase": [0.0, 0.018439003668375833, 0.0, 0.009219501834187915, 0.0, 0.018439003668375836, 0.0, 0.009219501834187918, 0.009219501834187911, 0.0, 0.0, 0.0, 0.009219501834187918, 0.0, 0.009219501834187918, 0.018439003668375836, 0.018439003668375836, 0.009219501834187904, 0.0, 0.0], "U235PMTbase": [0.006824826033100145, 0.0, 0.0, 0.006824826033100145, 0.0, 0.0, 0.0, 0.006824826033100143, 0.0, 0.0, 0.006824826033100147, 0.0, 0.006824826033100147, 0.0, 0.0, 0.0, 0.0, 0.0, 0.0, 0.0], "Th232PMTbase": [0.0, 0.0, 0.0, 0.0016762730607614395, 0.0, 0.0033525461215228787, 0.0, 0.0, 0.0, 0.00167627306076144, 0.0, 0.00167627306076144, 0.0, 0.0, 0.0, 0.0, 0.0, 0.00167627306076144, 0.0, 0.0], "Cs137PMTbase": [0.0, 0.0, 0.0, 0.0, 0.0, 0.0, 0.0, 0.0, 0.0, 0.0, 0.007184027403263311, 0.0, 0.0035920137016316554, 0.007184027403263309, 0.0, 0.0, 0.0, 0.0, 0.0, 0.0], "K40PMTbase": [0.0, 0.005651434890567137, 0.005651434890567137, 0.005651434890567136, 0.0, 0.0, 0.0, 0.0, 0.0, 0.005651434890567138, 0.0, 0.0, 0.0, 0.005651434890567138, 0.0, 0.005651434890567134, 0.0, 0.0, 0.0, 0.0], "Co60PMTbase": [0.0, 0.0, 0.0016762730607614395, 0.0, 0.0, 0.0016762730607614395, 0.003352546121522879, 0.00167627306076144, 0.00167627306076144, 0.0, 0.00167627306076144, 0.0, 0.00167627306076144, 0.0, 0.0, 0.0, 0.00167627306076144, 0.0, 0.0, 0.0], "U238PMTwindow": [0.007974270417622276, 0.009303315487225988, 0.017277585904848264, 0.01594854083524455, 0.013290450696037126, 0.0212647211136594, 0.013290450696037126, 0.017277585904848264, 0.01993567604405569, 0.017277585904848264, 0.018606630974451976, 0.011961405626433413, 0.0212647211136594, 0.017277585904848264, 0.01594854083524455, 0.014619495765640894, 0.017277585904848625, 0.017277585904848625, 0.015948540835244884, 0.018606630974452365], "U235PMTwindow": [0.007223938666614773, 0.028895754666459095, 0.014447877333229553, 0.02167181599984433, 0.0072239386666147765, 0.0072239386666147765, 0.0072239386666147765, 0.0072239386666147765, 0.02167181599984433, 0.021671815999844316, 0.014447877333229553, 0.03611969333307388, 0.0072239386666147765, 0.0072239386666147765, 0.014447877333229553, 0.028895754666459106, 0.028895754666458995, 0.0, 0.04334363199968849, 0.007223938666614749], "Th232PMTwindow": [0.0, 0.004789351602175541, 0.004789351602175541, 0.0, 0.009578703204351082, 0.004789351602175543, 0.0, 0.0, 0.014368054806526628, 0.004789351602175543, 0.009578703204351086, 0.009578703204351086, 0.0, 0.004789351602175536, 0.004789351602175543, 0.0, 0.009578703204351086, 0.0, 0.0, 0.004789351602175543], "Cs137PMTwindow": [0.022988887690442595, 0.0114944438452213, 0.005747221922610651, 0.017241665767831954, 0.0, 0.0, 0.0, 0.011494443845221303, 0.0, 0.005747221922610651, 0.005747221922610651, 0.005747221922610651, 0.005747221922610651, 0.022988887690442605, 0.005747221922610651, 0.0, 0.01724166576783194, 0.0, 0.017241665767831954, 0.005747221922610651], "K40PMTwindow": [0.01424033876380194, 0.01424033876380194, 0.021360508145702915, 0.02136050814570291, 0.049841185673306754, 0.021360508145702894, 0.02848067752760386, 0.0, 0.01424033876380193, 0.02848067752760386, 0.01424033876380193, 0.021360508145702894, 0.0, 0.01424033876380193, 0.01424033876380193, 0.0, 0.01424033876380193, 0.007120169381900965, 0.035600846909504824, 0.021360508145702894], "Co60PMTwindow": [0.0, 0.005747221922610649, 0.005747221922610649, 0.011494443845221297, 0.005747221922610648, 0.005747221922610651, 0.005747221922610651, 0.005747221922610651, 0.0, 0.011494443845221303, 0.0, 0.005747221922610651, 0.005747221922610651, 0.017241665767831954, 0.005747221922610651, 0.0, 0.011494443845221303, 0.02298888769044259, 0.011494443845221303, 0.0], "U238Flange": [0.0, 0.0, 0.0, 0.0, 0.0, 0.0, 0.0, 0.0, 0.0, 0.0, 0.0, 0.0, 0.0, 0.0, 0.002348932855178074, 0.0, 0.0, 0.0, 0.0, 0.0], "Th232Flange": [0.0, 0.0, 0.0, 0.0, 0.0, 0.0, 0.0, 0.0, 0.0, 0.0, 0.0, 0.0, 0.0, 0.0, 0.0, 0.0, 0.0, 0.0, 0.0, 0.0], "Co60Flange": [0.0, 0.0, 0.0, 0.0, 0.0, 0.0, 0.0, 0.0, 0.0, 0.0, 0.0, 0.0, 0.0, 0.0, 0.0, 0.0, 0.0, 0.0, 0.0, 0.0], "K40Flange": [0.0, 0.0, 0.0, 0.0, 0.0, 0.0, 0.0, 0.0, 0.0, 0.0, 0.0, 0.0, 0.0, 0.0, 0.0, 0.0, 0.0, 0.0, 0.0, 0.0], "Cs137Flange": [0.0, 0.0, 0.0, 0.0, 0.0, 0.0, 0.0, 0.0, 0.0, 0.0, 0.0, 0.0, 0.0, 0.0, 0.0, 0.0, 0.0, 0.0, 0.0, 0.0], "U235Flange": [0.0, 0.0, 0.0, 0.0, 0.0, 0.0, 0.0, 0.0, 0.0, 0.0, 0.0, 0.0, 0.0, 0.0, 0.0, 0.0, 0.0, 0.0, 0.0, 0.0]}