{"U238steel": 0.015717049883780594, "Th232steel": 0.02701347240077748, "Co60steel": 0.03889835767974049, "K40steel": 0.02967749720542195, "Cs137steel": 0.018638030957591888, "K40Teflon": 3.6493557907772486e-08, "U238PMTbase": 0.034154499800480326, "U235PMTbase": 0.014597262990508142, "Th232PMTbase": 0.004242175489593925, "Cs137PMTbase": 0.007682769995004286, "K40PMTbase": 0.01528968601046853, "Co60PMTbase": 0.005317848406607776, "U238PMTwindow": 0.02053784193787328, "U235PMTwindow": 0.05170861534068723, "Th232PMTwindow": 0.020993324236000154, "Cs137PMTwindow": 0.029604096487024546, "K40PMTwindow": 0.04911191195839294, "Co60PMTwindow": 0.027486713542920482, "U238Flange": 0.002246805339735548, "Th232Flange": 0.0, "Co60Flange": 0.0, "K40Flange": 0.0, "Cs137Flange": 0.0, "U235Flange": 0.0}