{"U238steel": 0.1457539244968563, "Th232steel": 0.13774222290146448, "Co60steel": 0.2722885037581834, "K40steel": 0.145389449992315, "Cs137steel": 0.07684657029168322, "K40Teflon": 3.6493557907772486e-08, "U238PMTbase": 0.13227980892530483, "U235PMTbase": 0.032640472332218076, "Th232PMTbase": 0.0112237413633592, "Cs137PMTbase": 0.0171791959643253, "K40PMTbase": 0.04324576264086155, "Co60PMTbase": 0.017637307856707314, "U238PMTwindow": 0.33179899085497894, "U235PMTwindow": 0.3869518450986694, "Th232PMTwindow": 0.09620349740022169, "Cs137PMTwindow": 0.1594229385489388, "K40PMTwindow": 0.35415103360411765, "Co60PMTwindow": 0.1374335677146024, "U238Flange": 0.002246805339735548, "Th232Flange": 0.0, "Co60Flange": 0.0, "K40Flange": 0.0, "Cs137Flange": 0.0, "U235Flange": 0.0}