{"U238steel": [0.0066458825503192525, 0.00647973548656112, 0.010051897357357578, 0.01575627987971477, 0.01888538291382333, 0.019328441750511273, 0.008473500251656801, 0.0065074266638540795, 0.005898220763408166, 0.009719603229841625, 0.0034060148070385182, 0.003378323629745522, 0.0034060148070385182, 0.002713735374713616, 0.0025475883109556396, 0.0015507059284077807, 0.0017445441694594888, 0.0017445441694596275, 0.0012461029781854482, 0.0002769117729300996, 0.0004984411912741793, 0.0004430588366881594, 0.00024922059563708965, 0.0001384558864650498, 0.00011076470917203984, 8.307353187902988e-05, 0.0, 8.307353187902988e-05, 5.538235458601992e-05, 0.0, 0.0, 0.0, 2.769117729300996e-05, 0.0, 0.0, 0.0, 0.0, 0.0, 0.0, 0.0, 0.0, 0.0, 0.0, 0.0, 0.0, 0.0, 0.0, 0.0, 0.0], "Th232steel": [0.006751619461992431, 0.007617211700709361, 0.00986775152137365, 0.01886991080403036, 0.017831200117569973, 0.014282271938830318, 0.009348396178143481, 0.008309685491683094, 0.007357534029094406, 0.008482803939426492, 0.003548928178739655, 0.0046741980890717405, 0.004068283521969848, 0.0027698951638943647, 0.005799467999403091, 0.0030295728355089757, 0.0008655922387168502, 0.0006924737909734802, 0.0006059145671017951, 0.0004327961193584251, 0.0004327961193584251, 0.00017311844774337004, 0.00017311844774337004, 0.0, 0.0, 8.655922387168502e-05, 0.00017311844774337004, 0.0, 0.0, 0.0, 0.0, 8.655922387168502e-05, 0.0, 0.0, 0.0, 0.0, 0.0, 0.0, 0.0, 0.0, 0.0, 0.0, 0.0, 0.0, 0.0, 0.0, 0.0, 0.0, 0.0], "Co60steel": [0.01143993046799969, 0.013164999348094982, 0.01307420624914268, 0.0219719299464759, 0.020156067967428297, 0.019157343878952127, 0.013982137238666481, 0.011349137369047468, 0.009533275389999873, 0.008171378905714177, 0.008443758202571316, 0.009079309895237975, 0.006537103124571342, 0.006355516926666582, 0.0069910686193332405, 0.004448861848666608, 0.004448861848666608, 0.002542206770666633, 0.0034501377601904304, 0.0038133101559999494, 0.0008171378905714177, 0.002814586067523772, 0.0, 0.0, 0.0, 0.0, 0.0, 0.0, 0.0, 0.0, 0.0, 0.0, 0.0, 0.0, 0.0, 0.0, 0.0, 0.0, 0.0, 0.0, 0.0, 0.0, 0.0, 0.0, 0.0, 0.0, 0.0, 0.0, 0.0], "K40steel": [0.010095816259052865, 0.010293773440602937, 0.013164152573078795, 0.017816146339504624, 0.01999367533655519, 0.0181130821118297, 0.015737595933229084, 0.010689687803702774, 0.010095816259052773, 0.007918287262003165, 0.007522372898903007, 0.008017265852778205, 0.006334629809602532, 0.0060376940372774135, 0.005146886720302057, 0.005443822492627176, 0.006136672628052453, 0.005839736855727334, 0.002969357723251187, 0.0019795718155007913, 0.0005938715446502374, 0.00019795718155007913, 0.0008908073169753561, 0.0028703791324761474, 0.0, 0.0, 0.0, 0.0, 0.0, 0.0, 0.0, 0.0, 0.0, 0.0, 0.0, 0.0, 0.0, 0.0, 0.0, 0.0, 0.0, 0.0, 0.0, 0.0, 0.0, 0.0, 0.0, 0.0, 0.0], "Cs137steel": [0.003397449530970204, 0.0032497343339715117, 0.003323591932470866, 0.005687035084450148, 0.00686875666043963, 0.005687035084450016, 0.004800743902457806, 0.0030281615384733854, 0.0022895855534798767, 0.0013294367729883155, 0.016027098874359137, 0.0, 0.0, 0.0, 0.0, 0.0, 0.0, 0.0, 0.0, 0.0, 0.0, 0.0, 0.0, 0.0, 0.0, 0.0, 0.0, 0.0, 0.0, 0.0, 0.0, 0.0, 0.0, 0.0, 0.0, 0.0, 0.0, 0.0, 0.0, 0.0, 0.0, 0.0, 0.0, 0.0, 0.0, 0.0, 0.0, 0.0, 0.0], "K40Teflon": [4.770081593813542e-09, 2.9813009961334645e-09, 4.7700815938135446e-09, 6.558862191493624e-09, 5.962601992266931e-09, 3.5775611953601584e-09, 4.770081593813541e-09, 2.3850407969067723e-09, 2.3850407969067723e-09, 3.5775611953601584e-09, 1.7887805976800792e-09, 4.1738213945868515e-09, 2.3850407969067723e-09, 2.3850407969067723e-09, 1.7887805976800792e-09, 1.7887805976800792e-09, 5.366341793040231e-09, 2.9813009961334653e-09, 1.7887805976800792e-09, 5.962601992266931e-10, 5.962601992266931e-10, 0.0, 0.0, 2.3850407969067723e-09, 0.0, 0.0, 0.0, 0.0, 0.0, 0.0, 0.0, 0.0, 0.0, 0.0, 0.0, 0.0, 0.0, 0.0, 0.0, 0.0, 0.0, 0.0, 0.0, 0.0, 0.0, 0.0, 0.0, 0.0, 0.0], "U238PMTbase": [0.00792473235642318, 0.008645162570643471, 0.008645162570643378, 0.017722583269818928, 0.023053766855049174, 0.03299570381129048, 0.0064838719279828455, 0.00489892545669815, 0.002593548771193138, 0.01484086241293825, 0.0025935487711928884, 0.001584946471284543, 0.004034409199633382, 0.0023053766855047897, 0.001584946471284543, 0.0025935487711928884, 0.0011526883427523948, 0.0021612906426607403, 0.0012967743855964442, 0.0008645162570642961, 0.0005763441713761974, 0.0002881720856880987, 0.0002881720856880987, 0.0005763441713761974, 0.0002881720856880987, 0.0, 0.00014408604284404936, 0.00014408604284404936, 0.00014408604284404936, 0.0, 0.0, 0.0, 0.0, 0.0, 0.0, 0.0, 0.0, 0.0, 0.0, 0.0, 0.0, 0.0, 0.0, 0.0, 0.0, 0.0, 0.0, 0.0, 0.0], "U235PMTbase": [0.0017065775464127353, 0.0013865942564603474, 0.007679598958857309, 0.02346544126317501, 0.02047893055695349, 0.011839381728237966, 0.004479766059333284, 0.0006399665799047549, 0.00010666109665079249, 0.0, 0.00010666109665079249, 0.00021332219330158497, 0.00042664438660316995, 0.0009599498698571324, 0.0, 0.0, 0.0, 0.0, 0.0, 0.0, 0.0, 0.0, 0.0, 0.0, 0.0, 0.0, 0.0, 0.0, 0.0, 0.0, 0.0, 0.0, 0.0, 0.0, 0.0, 0.0, 0.0, 0.0, 0.0, 0.0, 0.0, 0.0, 0.0, 0.0, 0.0, 0.0, 0.0, 0.0, 0.0], "Th232PMTbase": [0.0007073314830526466, 0.0006549365583820809, 0.0010217010310760478, 0.0032222878672398428, 0.0013360705790994472, 0.0011526883427524642, 0.0006025416337115154, 0.00041915939736453245, 0.0007859238700584983, 0.0009693061064054813, 0.00031436954802339934, 0.00028817208568811606, 0.0002619746233528328, 0.0002357771610175495, 0.0005239492467056656, 0.0006287390960467987, 7.859238700584983e-05, 5.2394924670566556e-05, 7.859238700584983e-05, 2.6197462335283278e-05, 0.0, 2.6197462335283278e-05, 0.0, 0.0, 2.6197462335283278e-05, 2.6197462335283278e-05, 0.0, 2.6197462335283278e-05, 0.0, 0.0, 0.0, 0.0, 0.0, 0.0, 0.0, 0.0, 0.0, 0.0, 0.0, 0.0, 0.0, 0.0, 0.0, 0.0, 0.0, 0.0, 0.0, 0.0, 0.0], "Cs137PMTbase": [0.001122748385797852, 0.0007297864507686048, 0.0011227483857978533, 0.0016279851594068824, 0.0009543361279281681, 0.001178885805087737, 0.0010666109665079526, 0.0005052367736090311, 0.00033682451573935346, 0.00033682451573935346, 0.006624215476207285, 0.0, 0.0, 0.0, 0.0, 0.0, 0.0, 0.0, 0.0, 0.0, 0.0, 0.0, 0.0, 0.0, 0.0, 0.0, 0.0, 0.0, 0.0, 0.0, 0.0, 0.0, 0.0, 0.0, 0.0, 0.0, 0.0, 0.0, 0.0, 0.0, 0.0, 0.0, 0.0, 0.0, 0.0, 0.0, 0.0, 0.0, 0.0], "K40PMTbase": [0.00229639469841854, 0.0013248430952414675, 0.001943103206354152, 0.0016781345873058589, 0.0022080718254024303, 0.002296394698418521, 0.002208071825402424, 0.0018547803333380415, 0.0012365202222253818, 0.0011481973492092831, 0.0011481973492092831, 0.0014131659682575792, 0.001501488841273678, 0.0013248430952414805, 0.0011481973492092831, 0.0007949058571448883, 0.0012365202222253818, 0.001501488841273678, 0.0006182601111126909, 0.0001766457460321974, 0.0, 8.83228730160987e-05, 8.83228730160987e-05, 0.000883228730160987, 0.0, 0.0, 0.0, 0.0, 0.0, 0.0, 0.0, 0.0, 0.0, 0.0, 0.0, 0.0, 0.0, 0.0, 0.0, 0.0, 0.0, 0.0, 0.0, 0.0, 0.0, 0.0, 0.0, 0.0, 0.0], "Co60PMTbase": [0.0008121213323937792, 0.0009169111817349141, 0.0011002934180818977, 0.001178885805087747, 0.001126490880417181, 0.0011788858050877475, 0.000943108644070198, 0.0007597264077232151, 0.0005239492467056656, 0.000654936558382082, 0.0004977517843703823, 0.0006025416337115154, 0.0005763441713762321, 0.000471554322035099, 0.000654936558382082, 0.0004977517843703823, 0.00015718477401169967, 0.00020957969868226622, 0.0003667644726939659, 0.00020957969868226622, 0.0, 0.0002357771610175495, 0.0, 0.0, 0.0, 0.0, 0.0, 0.0, 0.0, 0.0, 0.0, 0.0, 0.0, 0.0, 0.0, 0.0, 0.0, 0.0, 0.0, 0.0, 0.0, 0.0, 0.0, 0.0, 0.0, 0.0, 0.0, 0.0, 0.0],