{"U238steel": 0.11677003806990158, "Th232steel": 0.21024903855605817, "Co60steel": 0.2619420685081559, "K40steel": 0.2681259633471555, "Cs137steel": 0.12412556575880064, "K40Teflon": 3.947381827817641e-07, "U238PMTbase": 0.28493942868761124, "U235PMTbase": 0.17135470802688, "Th232PMTbase": 0.036351402375461375, "Cs137PMTbase": 0.0572868875630827, "K40PMTbase": 0.09982303336396273, "Co60PMTbase": 0.03663320040953285, "U238PMTwindow": 0.1577797662970462, "U235PMTwindow": 0.6172631353922649, "Th232PMTwindow": 0.17588155951044138, "Cs137PMTwindow": 0.20671762980899946, "K40PMTwindow": 0.3988126382945635, "Co60PMTwindow": 0.21269814985764973, "U238Flange": 0.006740416019206644, "Th232Flange": 0.019006395617540854, "Co60Flange": 0.004734575597900705, "K40Flange": 0.018283478584673184, "Cs137Flange": 0.0019134995668388221, "U235Flange": 0.005846659198980349}