{"U238steel": [0.001694813075544841, 0.006779252302179364, 0.006779252302179364, 0.010168878453269047, 0.010168878453269043, 0.0033896261510896752, 0.0033896261510896752, 0.011863691528813863, 0.010168878453269026, 0.008474065377724188, 0.010168878453269026, 0.008474065377724188, 0.013558504604358701, 0.010168878453269026, 0.0016948130755448376, 0.0067792523021793505, 0.006779252302179364, 0.0067792523021793505, 0.0033896261510896752, 0.0067792523021793505], "U238copper": [0.028848572301565956, 0.1226064322816553, 0.09375785998008918, 0.050485001527740325, 0.10818214613087213, 0.0288485723015659, 0.0937578599800894, 0.10097000305548143, 0.03606071537695765, 0.0937578599800899, 0.06490928767852377, 0.06490928767852377, 0.0937578599800899, 0.0721214307539153, 0.04327285845234918, 0.08654571690469837, 0.04327285845234918, 0.03606071537695765, 0.10097000305548143, 0.050485001527740714], "Th232steel": [0.0, 0.010595555607804962, 0.010595555607804962, 0.005297777803902483, 0.0, 0.02119111121560993, 0.0, 0.005297777803902483, 0.015893333411707435, 0.015893333411707428, 0.0, 0.010595555607804952, 0.0, 0.0, 0.0, 0.010595555607804952, 0.005297777803902476, 0.005297777803902476, 0.010595555607804966, 0.010595555607804952], "Th232copper": [0.024078123281826156, 0.024078123281826142, 0.04013020546971028, 0.04414322601668133, 0.02809114382879721, 0.05216926711062339, 0.03210416437576824, 0.036117184922739076, 0.05618228765759403, 0.044143226016681025, 0.08427343148639105, 0.04414322601668119, 0.06019530820456587, 0.06420832875153692, 0.03210416437576846, 0.06019530820456587, 0.048156246563652694, 0.044143226016681636, 0.04013020546971058, 0.05618228765759481], "Co60steel": [0.0, 0.011113816479925853, 0.027784541199814626, 0.0, 0.011113816479925848, 0.01667072471988877, 0.01667072471988877, 0.011113816479925848, 0.0, 0.005556908239962924, 0.022227632959851695, 0.005556908239962924, 0.011113816479925875, 0.02222763295985175, 0.02222763295985175, 0.02778454119981469, 0.005556908239962938, 0.02778454119981469, 0.005556908239962938, 0.02222763295985164], "Co60copper": [0.017849286862330598, 0.02974881143721766, 0.023799049149774133, 0.0059497622874435385, 0.029748811437217693, 0.02379904914977414, 0.023799049149774154, 0.017849286862330616, 0.029748811437217693, 0.029748811437217693, 0.0059497622874435385, 0.017849286862330588, 0.017849286862330616, 0.029748811437217693, 0.03569857372466123, 0.029748811437217693, 0.0, 0.023799049149774154, 0.017849286862330616, 0.011899524574887077], "K40steel": [0.0, 0.0, 0.006057893749679792, 0.006057893749679792, 0.006057893749679792, 0.0, 0.006057893749679792, 0.0, 0.02423157499871917, 0.01817368124903937, 0.006057893749679799, 0.006057893749679799, 0.0, 0.006057893749679799, 0.0, 0.024231574998719196, 0.0, 0.012115787499359598, 0.006057893749679799, 0.018173681249039397], "K40copper": [0.014569142811701484, 0.007284571405850742, 0.021853714217552233, 0.014569142811701491, 0.021853714217552236, 0.029138285623402982, 0.0072845714058507455, 0.03642285702925367, 0.029138285623402926, 0.021853714217552195, 0.05099199984095515, 0.0364228570292538, 0.021853714217552278, 0.021853714217552278, 0.050991999840955315, 0.014569142811701519, 0.029138285623403037, 0.029138285623403037, 0.0364228570292538, 0.021853714217552167], "Cs137steel": [0.0, 0.0, 0.0, 0.004520386487746072, 0.004520386487746072, 0.0, 0.004520386487746072, 0.004520386487746072, 0.0, 0.0, 0.004520386487746074, 0.009040772975492148, 0.004520386487746074, 0.004520386487746074, 0.013561159463238222, 0.009040772975492141, 0.009040772975492134, 0.0, 0.004520386487746067, 0.0], "Cs137copper": [0.010729213674428698, 0.005364606837214351, 0.005364606837214347, 0.005364606837214347, 0.010729213674428695, 0.02145842734885739, 0.01609382051164305, 0.010729213674428695, 0.005364606837214347, 0.005364606837214347, 0.016093820511643042, 0.010729213674428695, 0.005364606837214361, 0.010729213674428695, 0.016093820511643042, 0.016093820511643042, 0.010729213674428695, 0.016093820511643042, 0.005364606837214347, 0.016093820511643042], "K40Teflon": [0.0, 0.0, 0.0, 0.0, 0.0, 0.0, 0.0, 0.0, 0.0, 0.0, 0.0, 0.0, 0.0, 3.6493557907772486e-08, 0.0, 0.0, 0.0, 0.0, 0.0, 0.0], "U238PMTbase": [0.0, 0.013056188932887229, 0.0, 0.0065280944664436145, 0.0, 0.013056188932887233, 0.0, 0.006528094466443618, 0.006528094466443618, 0.006528094466443618, 0.0, 0.0, 0.006528094466443618, 0.0, 0.006528094466443618, 0.013056188932887236, 0.013056188932887236, 0.006528094466443618, 0.0, 0.0], "U235PMTbase": [0.013056188932887229, 0.0, 0.0, 0.0065280944664436145, 0.0, 0.0, 0.0, 0.0065280944664436145, 0.0, 0.0, 0.006528094466443618, 0.0, 0.006528094466443618, 0.0, 0.0, 0.0, 0.0, 0.0, 0.0, 0.006528094466443618], "Th232PMTbase": [0.0, 0.0, 0.0, 0.0016033916233370285, 0.0, 0.0032067832466740566, 0.0, 0.0, 0.0, 0.0016033916233370287, 0.0, 0.0016033916233370278, 0.0, 0.0, 0.0, 0.0, 0.0, 0.0016033916233370287, 0.0, 0.0016033916233370287], "Cs137PMTbase": [0.0, 0.0, 0.0, 0.0, 0.0, 0.0, 0.0, 0.0, 0.0, 0.0, 0.006871678385730121, 0.0, 0.0034358391928650603, 0.006871678385730121, 0.0, 0.0, 0.0, 0.0, 0.0, 0.0], "K40PMTbase": [0.0, 0.010811440660215388, 0.005405720330107694, 0.005405720330107694, 0.0, 0.0, 0.0, 0.0, 0.0, 0.005405720330107694, 0.0, 0.0, 0.0, 0.005405720330107694, 0.0, 0.005405720330107694, 0.0, 0.0, 0.0, 0.005405720330107694], "Co60PMTbase": [0.0, 0.0, 0.0016033916233370285, 0.0, 0.0, 0.0016033916233370285, 0.003206783246674057, 0.0032067832466740566, 0.0016033916233370287, 0.0, 0.0016033916233370287, 0.0, 0.0016033916233370287, 0.0, 0.0, 0.001603391623337027, 0.001603391623337027, 0.0, 0.0, 0.0], "U238PMTwindow": [0.00889882350952051, 0.012712605013600723, 0.016526386517680947, 0.015255126016320897, 0.013983865514960815, 0.02161142852312127, 0.01652638651768097, 0.020340168021761196, 0.020340168021760974, 0.017797647019040852, 0.021611428523121035, 0.011441344512240548, 0.020340168021760974, 0.01652638651768079, 0.01652638651768082, 0.01398386551496067, 0.01652638651768079, 0.017797647019040852, 0.020340168021760974, 0.021611428523121035], "U235PMTwindow": [0.006909854376761954, 0.03454927188380977, 0.01381970875352391, 0.03454927188380975, 0.006909854376761948, 0.013819708753523896, 0.006909854376761948, 0.013819708753523896, 0.027639417507047792, 0.020729563130285844, 0.020729563130285844, 0.04145912626057169, 0.006909854376761948, 0.013819708753523896, 0.013819708753523896, 0.027639417507047792, 0.04145912626057169, 0.0, 0.04145912626057169, 0.006909854376761948], "Th232PMTwindow": [0.0, 0.004581118923820081, 0.004581118923820081, 0.0, 0.009162237847640161, 0.0045811189238200815, 0.0, 0.0, 0.013743356771460241, 0.004581118923820078, 0.009162237847640156, 0.009162237847640156, 0.0, 0.013743356771460255, 0.004581118923820085, 0.0, 0.00916223784764017, 0.0, 0.004581118923820085, 0.004581118923820085], "Cs137PMTwindow": [0.021989370834336386, 0.010994685417168193, 0.0054973427085840965, 0.021989370834336386, 0.0054973427085840965, 0.0, 0.0, 0.010994685417168193, 0.0, 0.0054973427085840965, 0.010994685417168193, 0.0054973427085840965, 0.010994685417168193, 0.021989370834336386, 0.0054973427085840965, 0.0054973427085840965, 0.01649202812575229, 0.0, 0.01649202812575229, 0.0054973427085840965], "K40PMTwindow": [0.013621193600158371, 0.013621193600158371, 0.020431790400237557, 0.020431790400237557, 0.0476741776005543, 0.020431790400237557, 0.03405298400039586, 0.006810596800079172, 0.020431790400237515, 0.027242387200316687, 0.013621193600158343, 0.027242387200316687, 0.0, 0.013621193600158343, 0.013621193600158343, 0.0, 0.013621193600158343, 0.006810596800079172, 0.03405298400039586, 0.020431790400237515],