{"U238steel": 8.046972482686906, "U238copper": 106.07620035285802, "Th232steel": 8.344000041146407, "Th232copper": 72.36679952352851, "Co60steel": 12.347450109197622, "Co60copper": 25.601827122869523, "K40steel": 11.867413855622713, "K40copper": 34.83482046277825, "Cs137steel": 3.4083714117605384, "Cs137copper": 10.541452435126196, "K40Teflon": 4.269746275209381e-06, "U238PMTbase": 6.815330622967133, "U235PMTbase": 4.510913276312538, "Th232PMTbase": 0.8241432943952326, "Cs137PMTbase": 0.9551632956164867, "K40PMTbase": 1.8433506325667237, "Co60PMTbase": 0.8369704273819288, "U238PMTwindow": 19.591395586460077, "U235PMTwindow": 55.14754778093716, "Th232PMTwindow": 6.752569293710798, "Cs137PMTwindow": 7.795231960772249, "K40PMTwindow": 23.367157621071687, "Co60PMTwindow": 8.229522034750392, "U238Flange": 0.02022124805761993, "Th232Flange": 0.06584008575667043, "Co60Flange": 0.015702810799809216, "K40Flange": 0.07081160806917917, "Cs137Flange": 0.0027060970390185048, "U235Flange": 0.005846659198980349}