{"U238steel": [0.006553277225440062, 0.006468536571662823, 0.009547446992235533, 0.01499909571857173, 0.019575091022544157, 0.020055288060611617, 0.00901075618497843, 0.006581524110031267, 0.006299055264107178, 0.004491254650193011, 0.00901075618497843, 0.003333132381904247, 0.0034461199202738824, 0.003078910420572567, 0.0025422196133167985, 0.0018360474985065905, 0.0016665661909521234, 0.0017230599601369412, 0.0016665661909521234, 0.0004237032688861331, 0.0004801970380709508, 0.0003954563842937242, 0.00033896261510890646, 0.00016948130755445323, 8.474065377722662e-05, 0.00014123442296204436, 2.8246884592408872e-05, 2.8246884592408872e-05, 8.474065377722662e-05, 2.8246884592408872e-05, 0.0, 0.0, 2.8246884592408872e-05, 0.0, 0.0, 0.0, 0.0, 0.0, 0.0, 0.0, 0.0, 0.0, 0.0, 0.0, 0.0, 0.0, 0.0, 0.0, 0.0, 0.0], "U238copper": [0.07031839498506774, 0.08522349067420705, 0.17705811250086206, 0.2536270314846334, 0.3618091776155197, 0.3352444506211576, 0.0693567759083571, 0.05144662060446592, 0.04086881076055704, 0.03221423907008614, 0.10181141974762298, 0.023920274533384855, 0.03065160807041778, 0.02211723876453675, 0.018270762457660794, 0.01851116722684054, 0.01286165515111648, 0.0155061076120937, 0.01983339345732915, 0.005409107306544314, 0.006490928767853177, 0.003005059614746841, 0.004327285845235451, 0.0021636429226177256, 0.002404047691797473, 0.0009616190767189892, 0.0004808095383594946, 0.0, 0.0012020238458987365, 0.0004808095383594946, 0.0002404047691797473, 0.00012020238458987365, 0.0, 0.0, 0.0, 0.0, 0.0, 0.0, 0.0, 0.0, 0.0, 0.0, 0.0, 0.0, 0.0, 0.0, 0.0, 0.0, 0.0, 0.0], "Th232steel": [0.0067105185516098, 0.007240296332000087, 0.00909451856336583, 0.01889540750058567, 0.01801244453326889, 0.015363555631317576, 0.009359407453561286, 0.008299851892780763, 0.0077700741123905015, 0.008741333376439314, 0.003973333352926961, 0.004768000023512353, 0.00362014816600012, 0.003885037056195237, 0.004326518539853802, 0.0037967407594635405, 0.0019425185280976254, 0.0009712592640488127, 0.0005297777803902615, 0.0004414814836585512, 0.0004414814836585512, 0.00026488889019513073, 0.00026488889019513073, 0.0, 0.0, 0.0, 0.00026488889019513073, 0.0, 0.0, 0.0, 0.0, 0.0, 8.829629673171024e-05, 0.0, 0.0, 0.0, 0.0, 0.0, 0.0, 0.0, 0.0, 0.0, 0.0, 0.0, 0.0, 0.0, 0.0, 0.0, 0.0, 0.0], "Th232copper": [0.046617922020646504, 0.059125169392039434, 0.11564187542856773, 0.35321269180923154, 0.13470372302674383, 0.13209525967121105, 0.04829001391524779, 0.04200294839165597, 0.039862670766603436, 0.05845633263424721, 0.021068357871610877, 0.024145006957623893, 0.02320863549666341, 0.016319616891025568, 0.021469659926308227, 0.036986672707939094, 0.018192359812946535, 0.0029428817344472336, 0.0024078123281841, 0.0015383245430065084, 0.0023409286524012085, 0.0008694877851775917, 0.00120390616409205, 0.00020065102734867502, 0.0005350694062631334, 0.0006688367578289167, 0.0011370224883091584, 0.00020065102734867502, 6.688367578289167e-05, 0.00013376735156578334, 6.688367578289167e-05, 0.0, 0.00020065102734867502, 0.0, 0.0, 6.688367578289167e-05, 6.688367578289167e-05, 0.0, 6.688367578289167e-05, 0.0, 0.0, 0.0, 0.0, 0.0, 0.0, 0.0, 0.0, 0.0, 0.0, 0.0], "Co60steel": [0.011391661891923996, 0.012966119226580157, 0.012966119226580385, 0.021023636174527183, 0.02056056048786359, 0.020097484801199994, 0.013707040325242392, 0.011947352715920734, 0.009909819694600919, 0.008242747222611979, 0.008057516947946541, 0.010835971067928107, 0.006668289887955758, 0.005649523377295851, 0.007038750437286634, 0.005371677965297694, 0.004260296317305068, 0.0030562995319797226, 0.0025932238453161283, 0.005649523377295851, 0.00037046054933087547, 0.001389227059990783, 0.002037533021319815, 0.0, 0.0, 0.0, 0.0, 0.0, 0.0, 0.0, 0.0, 0.0, 0.0, 0.0, 0.0, 0.0, 0.0, 0.0, 0.0, 0.0, 0.0, 0.0, 0.0, 0.0, 0.0, 0.0, 0.0, 0.0, 0.0, 0.0], "Co60copper": [0.023005747511448345, 0.02290658480665762, 0.029947136846799137, 0.04591233231810597, 0.048093911823495664, 0.036293549953400506, 0.026079791359957194, 0.0202291917773052, 0.016560171700048865, 0.016064358176095306, 0.01457691760423463, 0.01566770735693246, 0.015469381947351035, 0.0151718938329789, 0.014279429489862494, 0.01566770735693246, 0.010213758593443312, 0.008924643431164059, 0.0067430639257684, 0.014378592194653206, 0.0007933016383256941, 0.004263996306000606, 0.005453948763489147, 0.0, 0.0, 0.0, 0.0, 0.0, 0.0, 0.0, 0.0, 0.0, 0.0, 0.0, 0.0, 0.0, 0.0, 0.0, 0.0, 0.0, 0.0, 0.0, 0.0, 0.0, 0.0, 0.0, 0.0, 0.0, 0.0, 0.0], "K40steel": [0.00999552468697166, 0.009490700207831727, 0.013832190728435605, 0.0174669269782435, 0.019385259998974926, 0.018779470624006173, 0.016154383332478428, 0.01110613854107892, 0.010298419374455206, 0.008380086353724336, 0.007774296978756312, 0.007875261874584316, 0.006158858645508247, 0.0065627182288202635, 0.005250174583056211, 0.005855963958024235, 0.0047453501039161905, 0.006360788437164255, 0.00424052562477617, 0.0025241223957001013, 0.0014135085415920567, 0.0002019297916560081, 0.0006057893749680243, 0.0014135085415920567, 0.001918333020732077, 0.0, 0.0, 0.0, 0.0, 0.0, 0.0, 0.0, 0.0, 0.0, 0.0, 0.0, 0.0, 0.0, 0.0, 0.0, 0.0, 0.0, 0.0, 0.0, 0.0, 0.0, 0.0, 0.0, 0.0, 0.0], "K40copper": [0.027681371342232877, 0.03545158084180633, 0.06264731409031511, 0.0724814854882134, 0.06301154266061021, 0.041400647489927, 0.03545158084181432, 0.026710095154791613, 0.026345866584499, 0.019304114225508484, 0.02015398088952458, 0.016875923756891065, 0.016633104710029323, 0.015783238046013226, 0.014569142811704516, 0.01626887613973671, 0.016511695186598452, 0.017968609467768903, 0.011655314249363613, 0.008013028546437484, 0.003642285702926129, 0.00012140952343087097, 0.0006070476171543548, 0.006677523788697903, 0.004613561890373097, 0.0, 0.0, 0.0, 0.0, 0.0, 0.0, 0.0, 0.0, 0.0, 0.0, 0.0, 0.0, 0.0, 0.0, 0.0, 0.0, 0.0, 0.0, 0.0, 0.0, 0.0, 0.0, 0.0, 0.0, 0.0], "Cs137steel": [0.0033902898658095515, 0.003013590991830722, 0.0036163091901968702, 0.005047764911316465, 0.007081938830802055, 0.005575143334886713, 0.005349124010499497, 0.0030889307666265645, 0.0024108727934646357, 0.0014314557211196274, 0.0075339774795769865, 0.009266792299879693, 0.0, 0.0, 0.0, 0.0, 0.0, 0.0, 0.0, 0.0, 0.0, 0.0, 0.0, 0.0, 0.0, 0.0, 0.0, 0.0, 0.0, 0.0, 0.0, 0.0, 0.0, 0.0, 0.0, 0.0, 0.0, 0.0, 0.0, 0.0, 0.0, 0.0, 0.0, 0.0, 0.0, 0.0, 0.0, 0.0, 0.0, 0.0], "Cs137copper": [0.011980955269778682, 0.009477472079078756, 0.01511030925815398, 0.02440896110932566, 0.021458427348856175, 0.01591500028373491, 0.011623314813963698, 0.00751044957209962, 0.003039943874421275, 0.002056432620932039, 0.02038550598141603, 0.03272410170701057, 0.0, 0.0, 0.0, 0.0, 0.0, 0.0, 0.0, 0.0, 0.0, 0.0, 0.0, 0.0, 0.0, 0.0, 0.0, 0.0, 0.0, 0.0, 0.0, 0.0, 0.0, 0.0, 0.0, 0.0, 0.0, 0.0, 0.0, 0.0, 0.0, 0.0, 0.0, 0.0, 0.0, 0.0, 0.0, 0.0, 0.0, 0.0], "K40Teflon": [4.865807721036332e-09, 3.0411298256477074e-09, 4.865807721036333e-09, 6.6904856164249465e-09, 6.0822596512954e-09, 3.64935579077724e-09, 4.25758175590678e-09, 1.82467789538862e-09, 3.0411298256477e-09, 4.25758175590678e-09, 1.82467789538862e-09, 3.64935579077724e-09, 2.43290386051816e-09, 3.0411298256477e-09, 0.0, 3.0411298256477e-09, 3.6493557907772466e-09, 4.257581755906826e-09, 2.4329038605181864e-09, 1.2164519302590932e-09, 6.082259651295466e-10, 0.0, 0.0, 1.8246778953886398e-09, 6.082259651295466e-10, 0.0, 0.0, 0.0, 0.0, 0.0, 0.0, 0.0, 0.0, 0.0, 0.0, 0.0, 0.0, 0.0, 0.0, 0.0, 0.0, 0.0, 0.0, 0.0, 0.0, 0.0, 0.0, 0.0, 0.0, 0.0],