{"U238steel": 7.510872292108884, "Th232steel": 8.01433377689448, "Co60steel": 11.804893795586702, "K40steel": 11.425187611896092, "Cs137steel": 3.232487282964602, "K40Teflon": 4.273063871382816e-06, "U238PMTbase": 8.306771152603313, "U235PMTbase": 3.5147854070465745, "Th232PMTbase": 0.7392364197957948, "Cs137PMTbase": 0.8800433568997555, "K40PMTbase": 1.7236876416229765, "Co60PMTbase": 0.8029347961047295, "U238PMTwindow": 17.16461707393195, "U235PMTwindow": 41.37872068236942, "Th232PMTwindow": 5.857377009460686, "Cs137PMTwindow": 7.1495440717276475, "K40PMTwindow": 21.915881357491187, "Co60PMTwindow": 7.712771820143491, "U238Flange": 0.021140395696602664, "Th232Flange": 0.0688328169274282, "Co60Flange": 0.01641657492707328, "K40Flange": 0.06415960852328663, "Cs137Flange": 0.0028291014498829834, "U235Flange": 0.0}