{"U238steel": [0.006201475117334523, 0.006024290113982194, 0.007737078479722289, 0.013023097746402583, 0.01745272283021121, 0.01898832619259866, 0.008593472662591306, 0.006585375957930795, 0.006201475117333932, 0.0043410325821337525, 0.008682065164267505, 0.0033960458975876295, 0.003277922562019364, 0.0030416758908828334, 0.0025101208808256392, 0.001889973369092246, 0.0016537266979557153, 0.0016832575318477816, 0.001712788365739848, 0.0004134316744889288, 0.0004724933422730615, 0.0004134316744889288, 0.00029530833892066344, 0.00014765416946033172, 8.859250167619903e-05, 0.00014765416946033172, 2.953083389208022e-05, 2.9530833892066344e-05, 8.859250167619903e-05, 2.9530833892066344e-05, 0.0, 0.0, 2.9530833892066344e-05, 0.0, 0.0, 0.0, 0.0, 0.0, 0.0, 0.0, 0.0, 0.0, 0.0, 0.0, 0.0, 0.0, 0.0, 0.0, 0.0, 0.0], "Th232steel": [0.006092444474487848, 0.007015542122137502, 0.008215569064082181, 0.01707730648151897, 0.017261926011048527, 0.014677252597630079, 0.009046356946967288, 0.007846330005022648, 0.008123259299317565, 0.008584808123142426, 0.00396931988489381, 0.004800107767778561, 0.003692390590598893, 0.00396931988489381, 0.004246249179188727, 0.0036923905905983934, 0.0019385050600641274, 0.001015407412414543, 0.0005538585885897507, 0.00046154882382479223, 0.0003692390590598338, 0.00027692929429487534, 0.00027692929429487534, 0.0, 0.0, 0.0, 0.00027692929429487534, 0.0, 0.0, 0.0, 0.0, 0.0, 9.230976476495845e-05, 0.0, 0.0, 0.0, 0.0, 0.0, 0.0, 0.0, 0.0, 0.0, 0.0, 0.0, 0.0, 0.0, 0.0, 0.0, 0.0, 0.0], "Co60steel": [0.011328515207379002, 0.012199939454100398, 0.011618989956286022, 0.01965545800938385, 0.018977683595267976, 0.019364983260478086, 0.013168188617125098, 0.011618989956286851, 0.009585666713936639, 0.007939643136796015, 0.007939643136796015, 0.010844390625867728, 0.006390444475957768, 0.005325370396631474, 0.00668091922486494, 0.005034895647724302, 0.004066646484700398, 0.0030015724053741033, 0.002517447823862151, 0.005712670061841035, 0.0003872996652095617, 0.001355548828233466, 0.002033323242350199, 0.0, 0.0, 0.0, 0.0, 0.0, 0.0, 0.0, 0.0, 0.0, 0.0, 0.0, 0.0, 0.0, 0.0, 0.0, 0.0, 0.0, 0.0, 0.0, 0.0, 0.0, 0.0, 0.0, 0.0, 0.0, 0.0, 0.0], "K40steel": [0.010133204090373453, 0.009605433043999823, 0.012244288275867907, 0.01562202297265905, 0.017944215576703157, 0.018049769785978872, 0.015622022972660077, 0.010766529346022485, 0.009605433044000453, 0.008338782532703315, 0.007916565695603728, 0.008022119904878444, 0.006016589928658833, 0.006227698347208266, 0.005172156254461102, 0.005699927300834684, 0.00464438520808752, 0.006438806765757699, 0.004327722580263371, 0.002533301022593193, 0.0012666505112965964, 0.00021110841854943274, 0.0006333252556482982, 0.0013722047205713128, 0.002005529976219611, 0.0, 0.0, 0.0, 0.0, 0.0, 0.0, 0.0, 0.0, 0.0, 0.0, 0.0, 0.0, 0.0, 0.0, 0.0, 0.0, 0.0, 0.0, 0.0, 0.0, 0.0, 0.0, 0.0, 0.0, 0.0], "Cs137steel": [0.003150572400550297, 0.003071808090536532, 0.00283551516049527, 0.004489565670784205, 0.00661620204115557, 0.0055135017009629375, 0.0050409158408804, 0.0029142794705090853, 0.0023629293004127916, 0.001417757580247675, 0.007325080831279654, 0.009136659961596127, 0.0, 0.0, 0.0, 0.0, 0.0, 0.0, 0.0, 0.0, 0.0, 0.0, 0.0, 0.0, 0.0, 0.0, 0.0, 0.0, 0.0, 0.0, 0.0, 0.0, 0.0, 0.0, 0.0, 0.0, 0.0, 0.0, 0.0, 0.0, 0.0, 0.0, 0.0, 0.0, 0.0, 0.0, 0.0, 0.0, 0.0, 0.0], "K40Teflon": [5.086980799265258e-09, 3.1793629995407863e-09, 4.4511081993571e-09, 6.994598598989741e-09, 6.3587259990815876e-09, 3.815235599448949e-09, 4.451108199357111e-09, 1.9076177997244763e-09, 2.543490399632635e-09, 4.451108199357111e-09, 1.9076177997244763e-09, 3.8152355994489525e-09, 1.9076177997244763e-09, 3.1793629995407938e-09, 0.0, 3.1793629995407938e-09, 3.179362999540787e-09, 4.451108199357065e-09, 2.5434903996326086e-09, 6.358725999081521e-10, 6.358725999081521e-10, 0.0, 0.0, 1.9076177997244564e-09, 6.358725999081521e-10, 0.0, 0.0, 0.0, 0.0, 0.0, 0.0, 0.0, 0.0, 0.0, 0.0, 0.0, 0.0, 0.0, 0.0, 0.0, 0.0, 0.0, 0.0, 0.0, 0.0, 0.0, 0.0, 0.0, 0.0, 0.0], "U238PMTbase": [0.007529259831253461, 0.0076829181951566265, 0.007375601467350284, 0.011678035656637945, 0.023663388041082145, 0.030117039325013646, 0.007068284739544017, 0.004302434189287663, 0.0027658505502563546, 0.004763409280997055, 0.011524377292734811, 0.0018439003668375697, 0.0038414590975782703, 0.0018439003668375836, 0.001690242002934439, 0.0021512170946438314, 0.0015365836390313081, 0.0013829252751281773, 0.002304875458546962, 0.0006146334556125232, 0.00046097509170939244, 0.0003073167278062616, 0.00046097509170939244, 0.00046097509170939244, 0.0006146334556125232, 0.0, 0.0, 0.0001536583639031308, 0.0003073167278062616, 0.0, 0.0, 0.0, 0.0, 0.0, 0.0, 0.0, 0.0, 0.0, 0.0, 0.0, 0.0, 0.0, 0.0, 0.0, 0.0, 0.0, 0.0, 0.0, 0.0, 0.0], "U235PMTbase": [0.0015924594077233677, 0.0009099768044133526, 0.004208642720411762, 0.01706206508275029, 0.015924594077233595, 0.012512181060683539, 0.003981148519308399, 0.0007962297038616797, 0.00022749420110333707, 0.0, 0.0, 0.00011374710055166853, 0.00022749420110333707, 0.0010237239049650168, 0.0, 0.0, 0.0, 0.0, 0.0, 0.0, 0.0, 0.0, 0.0, 0.0, 0.0, 0.0, 0.0, 0.0, 0.0, 0.0, 0.0, 0.0, 0.0, 0.0, 0.0, 0.0, 0.0, 0.0, 0.0, 0.0, 0.0, 0.0, 0.0, 0.0, 0.0, 0.0, 0.0, 0.0, 0.0, 0.0], "Th232PMTbase": [0.0006984471086505994, 0.0005866955712665028, 0.0007822607616886704, 0.0026820368972182984, 0.0012851426799171013, 0.0010616396051489098, 0.0006984471086505985, 0.0003631924964983121, 0.0007822607616886704, 0.000949888067764814, 0.0002514409591142155, 0.00022350307476819153, 0.00016762730607614365, 0.00036319249649831124, 0.00011175153738409577, 0.0006146334556125267, 0.000474944033882407, 2.7937884346023942e-05, 5.5875768692047884e-05, 2.7937884346023942e-05, 0.0, 2.7937884346023942e-05, 0.0, 0.0, 2.7937884346023942e-05, 2.7937884346023942e-05, 0.0, 0.0, 2.7937884346023942e-05, 0.0, 0.0, 0.0, 0.0, 0.0, 0.0, 0.0, 0.0, 0.0, 0.0, 0.0, 0.0, 0.0, 0.0, 0.0, 0.0, 0.0, 0.0, 0.0, 0.0, 0.0], "Cs137PMTbase": [0.001137471005516691, 0.0005388020552447486, 0.00125720479557108, 0.0013170716905982738, 0.0010177372154623028, 0.0009578703204351086, 0.0011973379005438857, 0.00041906826519036, 0.0002993344751359671, 0.00017960068508158025, 0.00245454269611493, 0.003891348176767572, 0.0, 0.0, 0.0, 0.0, 0.0, 0.0, 0.0, 0.0, 0.0, 0.0, 0.0, 0.0, 0.0, 0.0, 0.0, 0.0, 0.0, 0.0, 0.0, 0.0, 0.0, 0.0, 0.0, 0.0, 0.0, 0.0, 0.0, 0.0, 0.0, 0.0, 0.0, 0.0, 0.0, 0.0, 0.0, 0.0, 0.0, 0.0], "K40PMTbase": [0.0020721927932079495, 0.0010360963966039743, 0.001883811630189049, 0.0017896210486796002, 0.0019780022116985055, 0.0024489551192457687, 0.002072192793207958, 0.0018838116301890528, 0.0014128587226417896, 0.0008477152335850738, 0.0011302869781134317, 0.0014128587226417896, 0.0011302869781134317, 0.001601239885660695, 0.0009419058150945264, 0.0004709529075472632, 0.0009419058150945264, 0.001601239885660695, 0.0008477152335850738, 0.0002825717445283579, 0.0, 0.0, 0.0, 0.0004709529075472632, 0.0004709529075472632, 0.0, 0.0, 0.0, 0.0, 0.0, 0.0, 0.0, 0.0, 0.0, 0.0, 0.0, 0.0, 0.0, 0.0, 0.0, 0.0, 0.0, 0.0, 0.0, 0.0, 0.0, 0.0, 0.0, 0.0, 0.0], "Co60PMTbase": [0.0007263849929966234, 0.000949888067764814, 0.000949888067764814, 0.0011454532581869816, 0.0010616396051489098, 0.0013130805642631253, 0.0009219501834187901, 0.0007822607616886712, 0.0005866955712665028, 0.000474944033882407, 0.0005587576869204788, 0.0006146334556125267, 0.0005308198025744549, 0.000474944033882407, 0.000474944033882407, 0.000502881918228431, 0.0002793788434602394, 0.0001955651904221676, 0.00016762730607614365, 0.000502881918228431, 0.0, 0.0, 0.00016762730607614365, 0.0, 0.0, 0.0, 0.0, 0.0, 0.0, 0.0, 0.0, 0.0, 0.0, 0.0, 0.0, 0.0, 0.0, 0.0, 0.0, 0.0, 0.0, 0.0, 0.0, 0.0, 0.0, 0.0, 0.0, 0.0, 0.0, 0.0],