{"U238steel": 0.11536090898813495, "Th232steel": 0.21068477861863627, "Co60steel": 0.26187873381199384, "K40steel": 0.2689955364896296, "Cs137steel": 0.12359724037476372, "K40Teflon": 4.0376658357049364e-07, "U238PMTbase": 0.276738670730358, "U235PMTbase": 0.15487995011224645, "Th232PMTbase": 0.03520173427599023, "Cs137PMTbase": 0.0562239076907132, "K40PMTbase": 0.09869806724707161, "Co60PMTbase": 0.03668702724749359, "U238PMTwindow": 0.1510382391771864, "U235PMTwindow": 0.5467333356513219, "Th232PMTwindow": 0.16749041156080163, "Cs137PMTwindow": 0.20270672516151045, "K40PMTwindow": 0.3950250465717117, "Co60PMTwindow": 0.2105398092732638, "U238Flange": 0.007046798565534222, "Th232Flange": 0.019870322691065447, "Co60Flange": 0.004949783579623466, "K40Flange": 0.01779467371880048, "Cs137Flange": 0.002000476819876951, "U235Flange": 0.0}