{"U238steel": 0.015808163979737982, "Th232steel": 0.02701347240077748, "Co60steel": 0.03889835767974049, "K40steel": 0.02967749720542195, "Cs137steel": 0.018638030957591888, "K40Teflon": 3.6493557907772486e-08, "U238PMTbase": 0.034154499800480326, "U235PMTbase": 0.017271714493346694, "Th232PMTbase": 0.004242175489593925, "Cs137PMTbase": 0.007682769995004286, "K40PMTbase": 0.01528968601046853, "Co60PMTbase": 0.005317848406607776, "U238PMTwindow": 0.02081143133715926, "U235PMTwindow": 0.05216825651638371, "Th232PMTwindow": 0.020993324236000154, "Cs137PMTwindow": 0.03157982957895039, "K40PMTwindow": 0.05004746101207771, "Co60PMTwindow": 0.027486713542920482, "U238Flange": 0.002246805339735548, "Th232Flange": 0.0, "Co60Flange": 0.0, "K40Flange": 0.0, "Cs137Flange": 0.0, "U235Flange": 0.0}