{"U238steel": [0.004237032688862103, 0.008474065377724205, 0.006779252302179359, 0.007626658839951769, 0.009321471915496607, 0.009321471915496607, 0.011863691528813863, 0.004237032688862094, 0.006779252302179357, 0.005084439226634513], "Th232steel": [0.005297777803902481, 0.007946666705853722, 0.010595555607804966, 0.0026488889019512414, 0.01589333341170743, 0.005297777803902476, 0.0, 0.005297777803902476, 0.005297777803902476, 0.010595555607804959], "Co60steel": [0.005556908239962926, 0.013892270599907313, 0.01389227059990731, 0.01389227059990731, 0.002778454119981462, 0.01389227059990731, 0.016670724719888813, 0.02500608707983322, 0.016670724719888813, 0.013892270599907289], "K40steel": [0.0, 0.006057893749679792, 0.003028946874839896, 0.003028946874839896, 0.02120262812387927, 0.006057893749679799, 0.0030289468748398996, 0.012115787499359598, 0.006057893749679799, 0.012115787499359598], "Cs137steel": [0.0, 0.002260193243873036, 0.002260193243873036, 0.004520386487746072, 0.0, 0.006780579731619111, 0.004520386487746074, 0.011300966219365181, 0.004520386487746067, 0.0022601932438730335], "K40Teflon": [0.0, 0.0, 0.0, 0.0, 0.0, 0.0, 1.8246778953886243e-08, 0.0, 0.0, 0.0], "U238PMTbase": [0.008818653928353655, 0.0044093269641768285, 0.008818653928353654, 0.004409326964176827, 0.008818653928353657, 0.0, 0.004409326964176827, 0.01322798089253048, 0.013227980892530487, 0.0], "U235PMTbase": [0.0065280944664436145, 0.0032640472332218073, 0.0, 0.0032640472332218073, 0.0, 0.003264047233221809, 0.003264047233221809, 0.0, 0.0, 0.003264047233221809], "Th232PMTbase": [0.0, 0.0008016958116685142, 0.0016033916233370283, 0.0, 0.0008016958116685144, 0.0008016958116685139, 0.0, 0.0, 0.0008016958116685144, 0.0008016958116685144], "Cs137PMTbase": [0.0, 0.0, 0.0, 0.0, 0.0, 0.0034358391928650603, 0.00515375878929759, 0.0, 0.0, 0.0], "K40PMTbase": [0.005405720330107694, 0.005405720330107694, 0.0, 0.0, 0.002702860165053847, 0.0, 0.002702860165053847, 0.002702860165053847, 0.0, 0.002702860165053847], "Co60PMTbase": [0.0, 0.0008016958116685142, 0.0008016958116685142, 0.0032067832466740566, 0.0008016958116685144, 0.0008016958116685144, 0.0008016958116685144, 0.0008016958116685135, 0.0008016958116685135, 0.0], "U238PMTwindow": [0.010805714261560616, 0.01589075626700092, 0.017797647019041043, 0.018433277269721084, 0.019068907520400913, 0.01652638651768079, 0.018433277269720882, 0.015255126016320744, 0.01716201676836082, 0.020975798272441004], "U235PMTwindow": [0.02072956313028586, 0.02418449031866683, 0.010364781565142922, 0.010364781565142922, 0.024184490318666818, 0.031094344695428766, 0.010364781565142922, 0.020729563130285844, 0.020729563130285844, 0.024184490318666818], "Th232PMTwindow": [0.0022905594619100403, 0.0022905594619100403, 0.0068716783857301214, 0.0, 0.00916223784764016, 0.009162237847640156, 0.0068716783857301275, 0.0022905594619100425, 0.004581118923820085, 0.004581118923820085], "Cs137PMTwindow": [0.01649202812575229, 0.013743356771460241, 0.0027486713542920482, 0.0054973427085840965, 0.0027486713542920482, 0.008246014062876145, 0.01649202812575229, 0.0054973427085840965, 0.008246014062876145, 0.010994685417168193], "K40PMTwindow": [0.013621193600158371, 0.020431790400237557, 0.03405298400039593, 0.020431790400237515, 0.0238370888002771, 0.020431790400237515, 0.006810596800079172, 0.006810596800079172, 0.010215895200118758, 0.027242387200316687], "Co60PMTwindow": [0.0027486713542920482, 0.008246014062876145, 0.0054973427085840965, 0.0054973427085840965, 0.0054973427085840965, 0.0027486713542920482, 0.010994685417168193, 0.0027486713542920482, 0.019240699480044338, 0.0054973427085840965], "U238Flange": [0.0, 0.0, 0.0, 0.0, 0.0, 0.0, 0.0, 0.001123402669867774, 0.0, 0.0], "Th232Flange": [0.0, 0.0, 0.0, 0.0, 0.0, 0.0, 0.0, 0.0, 0.0, 0.0], "Co60Flange": [0.0, 0.0, 0.0, 0.0, 0.0, 0.0, 0.0, 0.0, 0.0, 0.0], "K40Flange": [0.0, 0.0, 0.0, 0.0, 0.0, 0.0, 0.0, 0.0, 0.0, 0.0], "Cs137Flange": [0.0, 0.0, 0.0, 0.0, 0.0, 0.0, 0.0, 0.0, 0.0, 0.0], "U235Flange": [0.0, 0.0, 0.0, 0.0, 0.0, 0.0, 0.0, 0.0, 0.0, 0.0]}