{"U238steel": 5.547879416192718, "Th232steel": 6.130903736685342, "Co60steel": 9.02021908282363, "K40steel": 8.410333207418681, "Cs137steel": 2.324037413049805, "K40Teflon": 2.248653145144602e-06, "U238PMTbase": 7.2338281075123625, "U235PMTbase": 3.5573709286714803, "Th232PMTbase": 0.6699704222493311, "Cs137PMTbase": 0.8336037511858035, "K40PMTbase": 1.4988989354655207, "Co60PMTbase": 0.6205716814383205, "U238PMTwindow": 16.12665999794022, "U235PMTwindow": 42.922948142848135, "Th232PMTwindow": 5.74260361927998, "Cs137PMTwindow": 6.658244565026927, "K40PMTwindow": 18.779519399553422, "Co60PMTwindow": 6.425364786917876, "U238Flange": 0.017305403279985403, "Th232Flange": 0.07395430628214757, "Co60Flange": 0.0082463592977831, "K40Flange": 0.036360468880543916, "Cs137Flange": 0.002605371488285095, "U235Flange": 0.0}