{"U238steel": 0.1345558401832507, "Th232steel": 0.2500847797296278, "Co60steel": 0.3106728478468104, "K40steel": 0.3132171762981213, "Cs137steel": 0.1422287799020177, "K40Teflon": 3.975094718670515e-07, "U238PMTbase": 0.3504801170046273, "U235PMTbase": 0.2114637521182264, "Th232PMTbase": 0.04548055576269519, "Cs137PMTbase": 0.07426332460159116, "K40PMTbase": 0.12490824462212674, "Co60PMTbase": 0.043771751482851805, "U238PMTwindow": 0.19868616833216066, "U235PMTwindow": 0.7557138160391936, "Th232PMTwindow": 0.22507038096416443, "Cs137PMTwindow": 0.26548159642595826, "K40PMTwindow": 0.4962642205427711, "Co60PMTwindow": 0.26079751165216436, "U238Flange": 0.008652701639992702, "Th232Flange": 0.027952100400694888, "Co60Flange": 0.0047610377604094456, "K40Flange": 0.018180234440271958, "Cs137Flange": 0.002605371488285095, "U235Flange": 0.0}