{"U238steel": [0.004949578694838606, 0.004188105049478825, 0.0036985862774617795, 0.007669127428266337, 0.013543352692470343, 0.015610209729875452, 0.00565666136552978, 0.004895187720170002, 0.005602270390861225, 0.0035354133534561127, 0.006907653782906559, 0.002230029961410779, 0.002447593860085001, 0.0022844209360793344, 0.001958075088068001, 0.0014685563160510007, 0.0013597743667138895, 0.0015229472907195563, 0.001305383392045334, 0.0002719548733427779, 0.0003263458480113335, 0.00010878194933711116, 0.0002719548733427779, 0.00021756389867422232, 0.00010878194933711116, 0.00016317292400566674, 0.0, 5.439097466855558e-05, 5.439097466855558e-05, 0.0, 0.0, 0.0, 5.439097466855558e-05, 0.0, 0.0, 0.0, 0.0, 0.0, 0.0, 0.0, 0.0, 0.0, 0.0, 0.0, 0.0, 0.0, 0.0, 0.0, 0.0, 0.0], "Th232steel": [0.003910448861446559, 0.005950683050027371, 0.005100585471452049, 0.01003115142718903, 0.011901366100054777, 0.011391307552909576, 0.0069708001443178, 0.004590526924306844, 0.007480858691462804, 0.0074808586914626996, 0.0030603512828711044, 0.005270604987166902, 0.0035704098300162884, 0.0040804683771614725, 0.0035704098300162884, 0.0040804683771614725, 0.0010201170942903681, 0.0006800780628602454, 0.0003400390314301227, 0.0005100585471451841, 0.0003400390314301227, 0.0, 0.0003400390314301227, 0.0, 0.0, 0.0, 0.0003400390314301227, 0.0, 0.0, 0.0, 0.0, 0.0, 0.00017001951571506135, 0.0, 0.0, 0.0, 0.0, 0.0, 0.0, 0.0, 0.0, 0.0, 0.0, 0.0, 0.0, 0.0, 0.0, 0.0, 0.0, 0.0], "Co60steel": [0.008203441633252014, 0.009630127134687106, 0.007490098882534414, 0.01266183382523688, 0.012305162449878206, 0.013910183638992685, 0.011770155386839565, 0.009986798510045691, 0.008916784383969367, 0.005885077693419782, 0.0074900988825342685, 0.008203441633251818, 0.005706742005740395, 0.003923385128946522, 0.004993399255022846, 0.0028533710028701975, 0.002140028252152648, 0.001961692564473261, 0.00267503531519081, 0.005706742005740395, 0.000535007063038162, 0.001070014126076324, 0.0023183639398320355, 0.0, 0.0, 0.0, 0.0, 0.0, 0.0, 0.0, 0.0, 0.0, 0.0, 0.0, 0.0, 0.0, 0.0, 0.0, 0.0, 0.0, 0.0, 0.0, 0.0, 0.0, 0.0, 0.0, 0.0, 0.0, 0.0, 0.0], "K40steel": [0.006415649464743797, 0.006221235844600047, 0.007776544805750017, 0.010498335487762488, 0.011470403588481434, 0.013025712549631467, 0.012248058069056267, 0.008554199286324837, 0.006998890325174867, 0.00524916774388115, 0.00894302652661233, 0.0068044767050311206, 0.003888272402874926, 0.005054754123737404, 0.0036938587827311797, 0.004277099643162419, 0.003888272402874926, 0.0048603405035936575, 0.004277099643162419, 0.0013608953410062241, 0.0009720681007187315, 0.0001944136201437463, 0.0007776544805749852, 0.0007776544805749852, 0.001944136201437463, 0.0, 0.0, 0.0, 0.0, 0.0, 0.0, 0.0, 0.0, 0.0, 0.0, 0.0, 0.0, 0.0, 0.0, 0.0, 0.0, 0.0, 0.0, 0.0, 0.0, 0.0, 0.0, 0.0, 0.0, 0.0], "Cs137steel": [0.0021760649934923267, 0.0018859229943600187, 0.0018859229943600187, 0.0021760649934923267, 0.004061987987852324, 0.0033366329900215517, 0.004061987987852372, 0.00188592299436003, 0.0021760649934923423, 0.0008704259973969369, 0.0060929819817785585, 0.008123975975704741, 0.0, 0.0, 0.0, 0.0, 0.0, 0.0, 0.0, 0.0, 0.0, 0.0, 0.0, 0.0, 0.0, 0.0, 0.0, 0.0, 0.0, 0.0, 0.0, 0.0, 0.0, 0.0, 0.0, 0.0, 0.0, 0.0, 0.0, 0.0, 0.0, 0.0, 0.0, 0.0, 0.0, 0.0, 0.0, 0.0, 0.0, 0.0], "K40Teflon": [2.3423470261922938e-09, 2.3423470261922938e-09, 2.3423470261922938e-09, 2.3423470261922938e-09, 4.6846940523845875e-09, 1.1711735130961469e-09, 2.3423470261922938e-09, 1.1711735130961469e-09, 1.1711735130961469e-09, 0.0, 1.1711735130961469e-09, 3.5135205392884406e-09, 2.3423470261922938e-09, 1.1711735130961469e-09, 0.0, 0.0, 2.3423470261922938e-09, 2.3423470261922938e-09, 2.3423470261922938e-09, 0.0, 0.0, 0.0, 0.0, 2.3423470261922938e-09, 0.0, 0.0, 0.0, 0.0, 0.0, 0.0, 0.0, 0.0, 0.0, 0.0, 0.0, 0.0, 0.0, 0.0, 0.0, 0.0, 0.0, 0.0, 0.0, 0.0, 0.0, 0.0, 0.0, 0.0, 0.0, 0.0], "U238PMTbase": [0.00452821790767597, 0.005094245146135459, 0.003962190669216468, 0.010188490292270966, 0.021226021442231208, 0.030282457257583183, 0.005377258765365239, 0.0033961634307569932, 0.0033961634307569932, 0.0036791770499867427, 0.014433694580717221, 0.0022641089538379955, 0.002547122573067745, 0.001981095334608246, 0.0008490408576892483, 0.0014150680961487472, 0.0016980817153784966, 0.0008490408576892483, 0.0016980817153784966, 0.00028301361922974944, 0.0005660272384594989, 0.0, 0.00028301361922974944, 0.0, 0.00028301361922974944, 0.0, 0.0, 0.0, 0.00028301361922974944, 0.0, 0.0, 0.0, 0.0, 0.0, 0.0, 0.0, 0.0, 0.0, 0.0, 0.0, 0.0, 0.0, 0.0, 0.0, 0.0, 0.0, 0.0, 0.0, 0.0, 0.0], "U235PMTbase": [0.0002095035882609824, 0.0006285107647829471, 0.003980568176958663, 0.015503265531312697, 0.017388797825661453, 0.013617733236963789, 0.005237589706524534, 0.0008380143530439255, 0.00041900717652196273, 0.0, 0.0, 0.00020950358826098137, 0.00020950358826098137, 0.0010475179413049068, 0.0, 0.0, 0.0, 0.0, 0.0, 0.0, 0.0, 0.0, 0.0, 0.0, 0.0, 0.0, 0.0, 0.0, 0.0, 0.0, 0.0, 0.0, 0.0, 0.0, 0.0, 0.0, 0.0, 0.0, 0.0, 0.0, 0.0, 0.0, 0.0, 0.0, 0.0, 0.0, 0.0, 0.0, 0.0, 0.0], "Th232PMTbase": [0.0005145702167813603, 0.0003601991517469523, 0.0007203983034939045, 0.00277867917061934, 0.0012349685202752703, 0.0008233123468501802, 0.0005145702167813626, 0.00030874213006881757, 0.0007203983034939068, 0.000977683411884589, 0.00010291404335627252, 0.00030874213006881757, 0.00010291404335627252, 0.0004116561734250901, 0.00010291404335627252, 0.0005145702167813626, 0.0004116561734250901, 5.145702167813626e-05, 5.145702167813626e-05, 0.0, 0.0, 0.0, 0.0, 0.0, 5.145702167813626e-05, 5.145702167813626e-05, 0.0, 0.0, 5.145702167813626e-05, 0.0, 0.0, 0.0, 0.0, 0.0, 0.0, 0.0, 0.0, 0.0, 0.0, 0.0, 0.0, 0.0, 0.0, 0.0, 0.0, 0.0, 0.0, 0.0, 0.0, 0.0], "Cs137PMTbase": [0.0005513252322657431, 0.00044106018581259443, 0.0009923854180783375, 0.0011026504645314864, 0.0006615902787188918, 0.0008821203716251886, 0.001212915510984635, 0.00044106018581259454, 0.00022053009290629727, 0.00022053009290629727, 0.003087421300688161, 0.0040798067187664995, 0.0, 0.0, 0.0, 0.0, 0.0, 0.0, 0.0, 0.0, 0.0, 0.0, 0.0, 0.0, 0.0, 0.0, 0.0, 0.0, 0.0, 0.0, 0.0, 0.0, 0.0, 0.0, 0.0, 0.0, 0.0, 0.0, 0.0, 0.0, 0.0, 0.0, 0.0, 0.0, 0.0, 0.0, 0.0, 0.0, 0.0, 0.0], "K40PMTbase": [0.001387869384690297, 0.0008674183654314358, 0.001561353057776584, 0.0012143857116040124, 0.0013878693846903004, 0.0019083204039491604, 0.00208180407703544, 0.0013878693846902934, 0.0013878693846902934, 0.0006939346923451467, 0.0012143857116040067, 0.0012143857116040085, 0.00104090203851772, 0.00156135305777658, 0.0006939346923451467, 0.00017348367308628668, 0.0012143857116040067, 0.00104090203851772, 0.0008674183654314334, 0.00034696734617257335, 0.0, 0.0, 0.0, 0.0008674183654314334, 0.0008674183654314334, 0.0, 0.0, 0.0, 0.0, 0.0, 0.0, 0.0, 0.0, 0.0, 0.0, 0.0, 0.0, 0.0, 0.0, 0.0, 0.0, 0.0, 0.0, 0.0, 0.0, 0.0, 0.0, 0.0, 0.0, 0.0], "Co60PMTbase": [0.0006689412818157685, 0.0007203983034939045, 0.0006174842601376321, 0.0008747693685283091, 0.0005145702167813583, 0.0013378825636315385, 0.000977683411884589, 0.0006174842601376351, 0.0006174842601376351, 0.00046311319510322635, 0.0004116561734250892, 0.0004116561734250901, 0.00046311319510322635, 0.00020582808671254504, 0.00030874213006881757, 0.00030874213006881757, 5.145702167813626e-05, 0.00010291404335627252, 0.00015437106503440878, 0.0004116561734250901, 0.0, 0.0, 0.00010291404335627252, 0.0, 0.0, 0.0, 0.0, 0.0, 0.0, 0.0, 0.0, 0.0, 0.0, 0.0, 0.0, 0.0, 0.0, 0.0, 0.0, 0.0, 0.0, 0.0, 0.0, 0.0, 0.0, 0.0, 0.0, 0.0, 0.0, 0.0],