{"U238steel": 0.01574854757628981, "Th232steel": 0.026562124786164768, "Co60steel": 0.04066646484700143, "K40steel": 0.031026474351122955, "Cs137steel": 0.01703932550586863, "K40Teflon": 3.8152355994489426e-08, "U238PMTbase": 0.03570697706413853, "U235PMTbase": 0.013649652066200288, "Th232PMTbase": 0.004106013668438908, "Cs137PMTbase": 0.007184027403263309, "K40PMTbase": 0.014952291271114172, "Co60PMTbase": 0.005028819182284317, "U238PMTwindow": 0.02050350871668137, "U235PMTwindow": 0.04899513581483934, "Th232PMTwindow": 0.01915740640870216, "Cs137PMTwindow": 0.03251119675569581, "K40PMTwindow": 0.051835615530529594, "Co60PMTwindow": 0.028736109613053236, "U238Flange": 0.0023489328551780735, "Th232Flange": 0.0, "Co60Flange": 0.0, "K40Flange": 0.0, "Cs137Flange": 0.0, "U235Flange": 0.0}