{"U238steel": 0.13997615264840804, "Th232steel": 0.12738747537565515, "Co60steel": 0.28466525392901, "K40steel": 0.15199806135560207, "Cs137steel": 0.06143616181073072, "K40Teflon": 3.8152355994489426e-08, "U238PMTbase": 0.1382925275128187, "U235PMTbase": 0.027299304132400577, "Th232PMTbase": 0.010057638364568635, "Cs137PMTbase": 0.014368054806526618, "K40PMTbase": 0.03956004423396995, "Co60PMTbase": 0.015086457546852953, "U238PMTwindow": 0.31631272656568354, "U235PMTwindow": 0.3323011786642795, "Th232PMTwindow": 0.07662962563480864, "Cs137PMTwindow": 0.1839111015235407, "K40PMTwindow": 0.37736897724075136, "Co60PMTwindow": 0.14368054806526617, "U238Flange": 0.0023489328551780735, "Th232Flange": 0.0, "Co60Flange": 0.0, "K40Flange": 0.0, "Cs137Flange": 0.0, "U235Flange": 0.0}