{"U238steel": [0.0017718500335241524, 0.0070874001340966095, 0.007087400134096611, 0.010631100201144925, 0.00885925016762077, 0.003543700067048308, 0.003543700067048308, 0.00885925016762077, 0.010631100201144925, 0.007087400134096596, 0.008859250167620736, 0.007087400134096589, 0.01240295023466903, 0.010631100201144883, 0.0017718500335241472, 0.0035437000670482943, 0.007087400134096589, 0.005315550100572455, 0.0035437000670482943, 0.010631100201144883], "Th232steel": [0.0, 0.011077171771796098, 0.0, 0.0, 0.0, 0.0221543435435922, 0.0, 0.005538585885898048, 0.016615757657694144, 0.01661575765769415, 0.0, 0.011077171771796096, 0.0, 0.005538585885898048, 0.0, 0.011077171771796096, 0.005538585885898048, 0.005538585885898048, 0.005538585885898048, 0.011077171771796096], "Co60steel": [0.0, 0.011618989956286123, 0.023237979912572246, 0.0, 0.011618989956286123, 0.017428484934429195, 0.017428484934429195, 0.01161898995628613, 0.005809494978143065, 0.005809494978143065, 0.029047474890715325, 0.005809494978143065, 0.01161898995628613, 0.02323797991257226, 0.02323797991257226, 0.029047474890715325, 0.0, 0.029047474890715297, 0.005809494978143037, 0.02323797991257215], "K40steel": [0.0, 0.0, 0.00633325255648342, 0.012666505112966842, 0.006333252556483419, 0.0, 0.006333252556483423, 0.0, 0.025333010225933678, 0.01899975766945028, 0.006333252556483426, 0.006333252556483426, 0.0, 0.0, 0.0, 0.025333010225933705, 0.0, 0.012666505112966853, 0.006333252556483426, 0.01899975766945028], "Cs137steel": [0.0, 0.0, 0.0, 0.00472585860082544, 0.00472585860082544, 0.0, 0.004725858600825439, 0.0, 0.0, 0.0, 0.0, 0.009451717201650882, 0.004725858600825441, 0.004725858600825441, 0.009451717201650875, 0.0047258586008254375, 0.009451717201650875, 0.0, 0.0047258586008254375, 0.0], "K40Teflon": [0.0, 0.0, 0.0, 0.0, 0.0, 0.0, 0.0, 0.0, 0.0, 0.0, 0.0, 0.0, 0.0, 3.8152355994489426e-08, 0.0, 0.0, 0.0, 0.0, 0.0, 0.0], "U238PMTbase": [0.0, 0.01843900366837583, 0.009219501834187915, 0.009219501834187915, 0.0, 0.018439003668375836, 0.0, 0.009219501834187918, 0.009219501834187918, 0.0, 0.0, 0.0, 0.009219501834187918, 0.0, 0.009219501834187918, 0.018439003668375836, 0.018439003668375822, 0.009219501834187904, 0.0, 0.0], "U235PMTbase": [0.006824826033100144, 0.0, 0.0, 0.006824826033100144, 0.0, 0.0, 0.0, 0.0, 0.0, 0.0, 0.006824826033100145, 0.0, 0.006824826033100143, 0.0, 0.0, 0.0, 0.0, 0.0, 0.0, 0.0], "Th232PMTbase": [0.0, 0.0, 0.0, 0.0016762730607614391, 0.0, 0.0033525461215228782, 0.0, 0.0, 0.0, 0.0016762730607614391, 0.0, 0.00167627306076144, 0.0, 0.0, 0.0, 0.0, 0.0, 0.00167627306076144, 0.0, 0.0], "Cs137PMTbase": [0.0, 0.0, 0.0, 0.0, 0.0, 0.0, 0.0, 0.0, 0.0, 0.0, 0.0035920137016316545, 0.0, 0.0035920137016316545, 0.007184027403263309, 0.0, 0.0, 0.0, 0.0, 0.0, 0.0], "K40PMTbase": [0.0, 0.005651434890567135, 0.005651434890567135, 0.005651434890567136, 0.0, 0.0, 0.0, 0.0, 0.0, 0.005651434890567134, 0.0, 0.0, 0.0, 0.005651434890567134, 0.0, 0.005651434890567138, 0.0, 0.0, 0.0, 0.005651434890567138], "Co60PMTbase": [0.0, 0.0, 0.0016762730607614391, 0.0, 0.0, 0.0016762730607614391, 0.0033525461215228782, 0.00167627306076144, 0.00335254612152288, 0.0, 0.0, 0.0, 0.00167627306076144, 0.0, 0.0, 0.0, 0.00167627306076144, 0.0, 0.0, 0.0], "U238PMTwindow": [0.009303315487225986, 0.010632360556829699, 0.01727758590484826, 0.011961405626433413, 0.013290450696037126, 0.02392281125286682, 0.009303315487225988, 0.017277585904848264, 0.015948540835244537, 0.018606630974451976, 0.022593766183263114, 0.013290450696037126, 0.01993567604405569, 0.017277585904848264, 0.013290450696037126, 0.014619495765640839, 0.01727758590484796, 0.017277585904847903, 0.015948540835244218, 0.017277585904847903], "U235PMTwindow": [0.007223938666614772, 0.021671815999844316, 0.021671815999844312, 0.0072239386666147695, 0.0072239386666147765, 0.0072239386666147765, 0.0, 0.0072239386666147765, 0.02167181599984433, 0.02167181599984433, 0.021671815999844316, 0.028895754666459106, 0.02167181599984433, 0.0, 0.014447877333229553, 0.03611969333307388, 0.028895754666458995, 0.0, 0.04334363199968849, 0.014447877333229497], "Th232PMTwindow": [0.0, 0.00478935160217554, 0.00478935160217554, 0.0, 0.004789351602175541, 0.004789351602175539, 0.0, 0.0, 0.014368054806526618, 0.004789351602175543, 0.009578703204351086, 0.009578703204351086, 0.0, 0.004789351602175543, 0.004789351602175536, 0.0, 0.004789351602175543, 0.0, 0.0, 0.004789351602175543], "Cs137PMTwindow": [0.022988887690442588, 0.011494443845221292, 0.005747221922610644, 0.022988887690442585, 0.005747221922610651, 0.005747221922610651, 0.0, 0.011494443845221303, 0.0, 0.005747221922610651, 0.005747221922610651, 0.005747221922610651, 0.005747221922610651, 0.028736109613053257, 0.005747221922610651, 0.0, 0.017241665767831954, 0.0, 0.017241665767831954, 0.005747221922610651], "K40PMTwindow": [0.014240338763801937, 0.014240338763801937, 0.021360508145702894, 0.021360508145702894, 0.049841185673306754, 0.014240338763801944, 0.01424033876380193, 0.0, 0.021360508145702894, 0.035600846909504824, 0.01424033876380193, 0.02848067752760386, 0.0, 0.014240338763801957, 0.01424033876380193, 0.0, 0.021360508145702894, 0.01424033876380193, 0.035600846909504824, 0.02848067752760386], "Co60PMTwindow": [0.0, 0.005747221922610647, 0.011494443845221292, 0.011494443845221296, 0.005747221922610644, 0.005747221922610644, 0.005747221922610644, 0.005747221922610644, 0.0, 0.011494443845221296, 0.005747221922610651, 0.005747221922610651, 0.005747221922610651, 0.017241665767831954, 0.005747221922610651, 0.0, 0.011494443845221303, 0.017241665767831954, 0.011494443845221303, 0.0], "U238Flange": [0.0, 0.0, 0.0, 0.0, 0.0, 0.0, 0.0, 0.0, 0.0, 0.0, 0.0, 0.0, 0.0, 0.0, 0.0023489328551780735, 0.0, 0.0, 0.0, 0.0, 0.0], "Th232Flange": [0.0, 0.0, 0.0, 0.0, 0.0, 0.0, 0.0, 0.0, 0.0, 0.0, 0.0, 0.0, 0.0, 0.0, 0.0, 0.0, 0.0, 0.0, 0.0, 0.0], "Co60Flange": [0.0, 0.0, 0.0, 0.0, 0.0, 0.0, 0.0, 0.0, 0.0, 0.0, 0.0, 0.0, 0.0, 0.0, 0.0, 0.0, 0.0, 0.0, 0.0, 0.0], "K40Flange": [0.0, 0.0, 0.0, 0.0, 0.0, 0.0, 0.0, 0.0, 0.0, 0.0, 0.0, 0.0, 0.0, 0.0, 0.0, 0.0, 0.0, 0.0, 0.0, 0.0], "Cs137Flange": [0.0, 0.0, 0.0, 0.0, 0.0, 0.0, 0.0, 0.0, 0.0, 0.0, 0.0, 0.0, 0.0, 0.0, 0.0, 0.0, 0.0, 0.0, 0.0, 0.0], "U235Flange": [0.0, 0.0, 0.0, 0.0, 0.0, 0.0, 0.0, 0.0, 0.0, 0.0, 0.0, 0.0, 0.0, 0.0, 0.0, 0.0, 0.0, 0.0, 0.0, 0.0]}